Province,Temple Name
กาฬสิน,วัดกลาง
กาฬสิน,วัดข้าวหลาม
กาฬสิน,วัดชัยมงคล
กาฬสิน,วัดดอนเปลือย
กาฬสิน,วัดน้ำจั้น
กาฬสิน,วัดโปโล
กาฬสิน,วัดสงยาง
กาฬสิน,วัดสระบัวราษฎร์ประดิษฐ์
กาฬสิน,วัดสะอาดชัยศรี
กาฬสิน,วัดสระแคนนามล
กาฬสิน,วัดหนองไผ่
กาฬสิน,วัดหนองอีกุ้ม
กาฬสิน,วัดแจ้งจม
กาฬสิน,วัดท่ากลาง
กาฬสิน,วัดท่าเพลิง
กาฬสิน,วัดท่าเหมือดแอ่
กาฬสิน,วัดบ้านเก่าน้อย
กาฬสิน,วัดบ้านโจด
กาฬสิน,วัดบุญญวาสวนาราม
กาฬสิน,วัดปทุมเกษรหนองบัว
กาฬสิน,วัดศรีสุมังคาราม
กาฬสิน,วัดโคกล่าม
กาฬสิน,วัดโคกศรี
กาฬสิน,วัดโนนเมือง
กาฬสิน,วัดบ้านเมย
กาฬสิน,วัดบ้านแวง
กาฬสิน,วัดสวนโคก
กาฬสิน,วัดสีถาน
กาฬสิน,วัดอัมพปาลิการาม
กาฬสิน,วัดบ้านแก
กาฬสิน,วัดแพงศรีบ้านบ่อ
กาฬสิน,วัดโพธิ์คีรีสว่างริมทุ่ง
กาฬสิน,วัดโพธิ์ทองสงเปลือย
กาฬสิน,วัดสง่าอรุณ
กาฬสิน,วัดสว่างดอนแก้ว
กาฬสิน,วัดสว่างโพธิ์ศรี
กาฬสิน,วัดสว่างอารมณ์
กาฬสิน,วัดสะอาดสมศรี
กาฬสิน,วัดหนองตุ
กาฬสิน,วัดคำโพนทอง
กาฬสิน,วัดดอนหัน
กาฬสิน,วัดโนนไฮ
กาฬสิน,วัดประชาศรัทธาธรรม
กาฬสิน,วัดป่ารัตนธรรมคุณ
กาฬสิน,วัดโพนงาม
กาฬสิน,วัดโพนทอง
กาฬสิน,วัดสุวรรณนิคคลี
กาฬสิน,วัดดอนทองวราราม
กาฬสิน,วัดหนองหวาย
กาฬสิน,วัดดอนกู่
กาฬสิน,วัดโนนโพธิ์ศรี
กาฬสิน,วัดโพธิ์ชัยโนนสูง
กาฬสิน,วัดโพธิ์ชัยเสมาราม
กาฬสิน,วัดสว่างอรุณนาบึง
กาฬสิน,วัดแสงจันทร์นาเชือก
กาฬสิน,วัดหนองคู
กาฬสิน,วัดหนองแปน
กาฬสิน,วัดเกษมาคม
กาฬสิน,วัดบ้านบึง
กาฬสิน,วัดบ้านลาด
กาฬสิน,วัดบ้านเล้า
กาฬสิน,วัดปฐมเกษาราม
กาฬสิน,วัดโพธิ์ชัย
กาฬสิน,วัดโพธิ์โนนสว่าง
กาฬสิน,วัดโพธิ์บึงไฮ
กาฬสิน,วัดราษฎร์คงคาสีมาราม
กาฬสิน,วัดศิริสว่าง
กาฬสิน,วัดอนุสาวรีย์โพธิ์ชัย
กาฬสิน,วัดดอนยางจันทาราม
กาฬสิน,วัดดอนยุง
กาฬสิน,วัดโนนไผ่ล้อม
กาฬสิน,วัดหนองคอนสวรรค์
กาฬสิน,วัดป่าเครือวัลย์
กาฬสิน,วัดป่าวิเวกสามัคคีธรรม
กาฬสิน,วัดทิพวัน
กาฬสิน,วัดศรีสว่างไพบูลย์
กาฬสิน,วัดแพงศรีเมือง
กาฬสิน,วัดโพธิ์ศรี
กาฬสิน,วัดโพธิ์ศรีบ้านน้อย
กาฬสิน,วัดโพธิ์ศรีสะอาด
กาฬสิน,วัดสว่างชัยศรีโนนชัย
กาฬสิน,วัดสว่างแสงจันทร์ดอนข่า
กาฬสิน,วัดสายทองหนองเม็ก
กาฬสิน,วัดดอนแคน
กาฬสิน,วัดบ้านชาด
กาฬสิน,วัดโพธิ์ศรีท่าแห่
กาฬสิน,วัดเหล่าแดง
กาฬสิน,วัดเหล่าใหญ่
กาฬสิน,วัดอุทัยโนนขวา
กาฬสิน,วัดสว่างโพธิ์ทอง
กาฬสิน,วัดอรุณรัตนสีสุก
กาฬสิน,วัดกุดฆ้องชัย
กาฬสิน,วัดทุ่งสว่างสาคร
กาฬสิน,วัดโนนแดงใต้
กาฬสิน,วัดโนนแดงเหนือ
กาฬสิน,วัดบวรดิตถาราม
กาฬสิน,วัดโพธิ์สว่างนาราม
กาฬสิน,วัดลำชีศรีวนาราม
กาฬสิน,วัดศิริอัมพวันวังยาง
กาฬสิน,วัดอนงคาราม
กาฬสิน,วัดตลาดแคร์หัวหนอง
กาฬสิน,วัดโนนเปลือย
กาฬสิน,วัดบวรนิเวศ
กาฬสิน,วัดโพธิ์ศรีกระเดา
กาฬสิน,วัดโพธิ์ศรีบ้านตูม
กาฬสิน,วัดหัวนาคำ
กาฬสิน,วัดโพธิ์ศรีหนองบัว
กาฬสิน,วัดหัวบึง
กาฬสิน,วัดโนนศิลา
กาฬสิน,วัดสว่างรัตนาราม
กาฬสิน,วัดสุวรรณหงษ์ทองหนองคู
กาฬสิน,วัดป่าเหล่ากลาง
กาฬสิน,วัดสุวรรณคีรีวงค์
กาฬสิน,วัดบูรพาด่านแต้
กาฬสิน,วัดมณีนพรัตน์
กาฬสิน,วัดวิเศษไชยศรี
กาฬสิน,วัดสะอาดไชยศรี
กาฬสิน,วัดอนงคาศรี
กาฬสิน,วัดเขตตาราม
กาฬสิน,วัดศรีจันทร์โพธาราม
กาฬสิน,วัดเทวาประสิทธิ์
กาฬสิน,วัดคำป่าว่าน
กาฬสิน,วัดอนุเขตตาราม
กาฬสิน,วัดดอยดงเย็น
กาฬสิน,วัดชัยประสิทธิ์
กาฬสิน,วัดป่าทองประดิษฐ์
กาฬสิน,วัดป่าสวรรค์จันทาราม
กาฬสิน,วัดป่าอัมพวัน
กาฬสิน,วัดบ้านนายอ
กาฬสิน,วัดบ้านม่วงนาดี
กาฬสิน,วัดม่วงนาดี
กาฬสิน,วัดป่าอัมพวันบ้านหินลาด
กาฬสิน,วัดปทุมรังษี
กาฬสิน,วัดคูหาผานิพพาน
กาฬสิน,วัดอุดมคงคานิมิต
กาฬสิน,วัดคำสร้างเที่ยง
กาฬสิน,วัดศรีสง่าท่านาจาน
กาฬสิน,วัดหนองกุงกลาง
กาฬสิน,วัดหนองกุงใหญ่
กาฬสิน,วัดหนองแซง
กาฬสิน,วัดท่าช้าง
กาฬสิน,วัดนาแก้ว
กาฬสิน,วัดสะอาดชัยศรี
กาฬสิน,วัดสะอาดโพธิ์ชัย
กาฬสิน,วัดอโศกธรรมมาราม
กาฬสิน,วัดชมศิริ
กาฬสิน,วัดโพธิ์ชัยศรีบุญเรือง
กาฬสิน,วัดโพธิ์ศรีสว่างหนองช้าง
กาฬสิน,วัดสว่างศรีบุญเรือง
กาฬสิน,วัดสะอาดชัยศรีดงตาว
กาฬสิน,วัดป่าท่างาม
กาฬสิน,วัดป่าศรัทธาธรรมานุสรณ์
กาฬสิน,วัดกกต้อง
กาฬสิน,วัดโนนศิลา
กาฬสิน,วัดบ้านโคกโก่ง
กาฬสิน,วัดบ้านวังมน
กาฬสิน,วัดป่ากุดหว้า
กาฬสิน,วัดศิลาลาดติการาม
กาฬสิน,วัดอุปถัมภ์โพธารามกุดค้าว
กาฬสิน,วัดโคกกลาง
กาฬสิน,วัดจุมจังเหนือ
กาฬสิน,วัดบูระพาภิรมย์
กาฬสิน,วัดป่านาคำ
กาฬสิน,วัดป่านาเหนือ
กาฬสิน,วัดพร้าวศรีสำราญ
กาฬสิน,วัดแจนแลนใต้
กาฬสิน,วัดแจนแลนเหนือ
กาฬสิน,วัดแช่มชื่นพรมประสิทธิ์
กาฬสิน,วัดบ้านหนองโง้ง
กาฬสิน,วัดหนองฟ้าเลื่อน
กาฬสิน,วัดกลางอุดมวารี
กาฬสิน,วัดโพธิ์ชัยบ้านหวาย
กาฬสิน,วัดสิมนาโก
กาฬสิน,วัดอรัญญิกาเสนานิคม
กาฬสิน,วัดอัมพวันบ้านชาด
กาฬสิน,วัดบูรพาภิรมย์
กาฬสิน,วัดบูรพาภิรมย์
กาฬสิน,วัดโพธิสมพร
กาฬสิน,วัดศรีบูรพา
กาฬสิน,วัดสว่างคงคา
กาฬสิน,วัดสว่างหงษ์ทอง
กาฬสิน,วัดธงชัยศรีอำนวย
กาฬสิน,วัดโนนสวรรค์
กาฬสิน,วัดบ้านกกตาล
กาฬสิน,วัดบุญฑริกาวาส
กาฬสิน,วัดโพธิ์ชัยบุ่งคล้า
กาฬสิน,วัดสามัคคีธรรมบวขาว
กาฬสิน,วัดอัมพวันบ้านดอน
กาฬสิน,วัดบ้านหนองบัวทอง
กาฬสิน,วัดป่าราษฎร์บำรุงคงมัน
กาฬสิน,วัดศิริราชบำรุงสมสะอาดเหนือ
กาฬสิน,วัดโพธิ์ชัยสามขา
กาฬสิน,วัดศรีสมสนุกบ้านคุย
กาฬสิน,วัดสว่างบึงทอง
กาฬสิน,วัดแสงอรุณวราราม
กาฬสิน,วัดบ้านหนองสระพัง
กาฬสิน,วัดโพธิ์ชัย
กาฬสิน,วัดโพธิ์ศรีแก้วห้วยม่วง
กาฬสิน,วัดศิลาอาสน์จิตราษฎร์รังสรรค์
กาฬสิน,วัดโพธิ์ชัยดงเหนือ
กาฬสิน,วัดสีสุกกุดฝั่งแดง
กาฬสิน,วัดหอคำกั้ง
กาฬสิน,วัดหอไตรเหล่าใหญ่
กาฬสิน,วัดเหล่าใหญ่เหนือ
กาฬสิน,วัดท่าสินเธาว์เหล่าไฮงาม
กาฬสิน,วัดบ้านโนนยาง
กาฬสิน,วัดบ้านหนองเม็ก
กาฬสิน,วัดป่าท่าแสงจันทร์
กาฬสิน,วัดโพธิ์ชัยศรี
กาฬสิน,วัดสันติการาม
กาฬสิน,วัดโนนฟองแก้ว
กาฬสิน,วัดสมสะอาด
กาฬสิน,วัดกุดปลาค้าว
กาฬสิน,วัดทรงศิลา
กาฬสิน,วัดโพธิ์ชัยบ้านค้อ
กาฬสิน,วัดกลางกุดสิมคุ้มใหม่
กาฬสิน,วัดบูรพากุดสิมคุ้มใหม่
กาฬสิน,วัดโพนวิมาน
กาฬสิน,วัดโพนสว่าง
กาฬสิน,วัดกลางกุดสิมตคุ้มเก่า
กาฬสิน,วัดบูรพาคุ้มเก่า
กาฬสิน,วัดโพธิ์ไทร
กาฬสิน,วัดสามัคคีธรรม
กาฬสิน,วัดอินทรนิมิตร
กาฬสิน,วัดนาคูใต้
กาฬสิน,วัดนาคูเหนือ
กาฬสิน,วัดโพธิ์ศรีแก้ว
กาฬสิน,วัดสว่างโพธิ์ชัยบ้านชาด
กาฬสิน,วัดโนนสูง
กาฬสิน,วัดบ้านจาน
กาฬสิน,วัดสว่างคงคา
กาฬสิน,วัดหนองห้าง
กาฬสิน,วัดนางาม
กาฬสิน,วัดบ่อแก้ว
กาฬสิน,วัดบ้านม่วงกุล
กาฬสิน,วัดป่าตาลอุดม
กาฬสิน,วัดหินลาด
กาฬสิน,วัดอินทราราม
กาฬสิน,วัดกลางภูแล่นช้าง
กาฬสิน,วัดน้ำปุ้น
กาฬสิน,วัดศรีวิชัย
กาฬสิน,วัดกกต้อง
กาฬสิน,วัดบ้านนาวี
กาฬสิน,วัดวังคำ
กาฬสิน,วัดหนองแสง
กาฬสิน,วัดกุดกอก
กาฬสิน,วัดโพธิ์ชัย
กาฬสิน,วัดส้มป่อยโพธาราม
กาฬสิน,วัดกุดตาใกล้
กาฬสิน,วัดจอมศรี
กาฬสิน,วัดนากระเดา
กาฬสิน,วัดนากุดสิน
กาฬสิน,วัดดาวดึงส์
กาฬสิน,วัดโพนนาดี
กาฬสิน,วัดหนองผือ
กาฬสิน,วัดคูหาผานิพพาน
กาฬสิน,วัดโพนวิมาน
กาฬสิน,วัดวังคำ
กาฬสิน,วัดดำแคน
กาฬสิน,วัดนาเจริญ
กาฬสิน,วัดราษฎร์บำรุงโนนสมบูรณ์
กาฬสิน,วัดป่าศรีไพรวัลย์โพนแพง
กาฬสิน,วัดโพธิ์ชัยดินจี่
กาฬสิน,วัดสว่างโพธิ์ชัยโพนแพง
กาฬสิน,วัดบูรพาสีหราษฎร์
กาฬสิน,วัดศรีสันเมือง
กาฬสิน,วัดศรีสุมังคลาราม
กาฬสิน,วัดสว่างคงคา
กาฬสิน,วัดสว่างโพธิ์ศรีทอง
กาฬสิน,วัดสะอาดสมศรี
กาฬสิน,วัดอุทัยทิพพาวาส
กาฬสิน,วัดจำปาทอง
กาฬสิน,วัดนาตาล
กาฬสิน,วัดโพธิ์ชัยแสงสว่างนาทัน
กาฬสิน,วัดศีรษะเกษวราราม
กาฬสิน,วัดสีดาวราราม
กาฬสิน,วัดอุทัยธาราม
กาฬสิน,วัดจอมศรีอัมพวัน
กาฬสิน,วัดทิพพาวาสทุ่งมน
กาฬสิน,วัดเทพรังษีศิลาราม
กาฬสิน,วัดโพธิ์ชัยศรีสว่าง
กาฬสิน,วัดโพธิ์ไทรนาบอน
กาฬสิน,วัดสว่างคำสมบูรณ์ศิลาอาสน์
กาฬสิน,วัดโพธิ์ชัยปฐมพร
กาฬสิน,วัดโพธิ์ชัยศรีทองโคกน้อย
กาฬสิน,วัดโพธิ์พิพัฒนารามสูงเนิน
กาฬสิน,วัดศรีจันทร์สว่างคงคา
กาฬสิน,วัดหนองยางใต้
กาฬสิน,วัดหนองยางเหนือ
กาฬสิน,วัดโพธิ์ชัย
กาฬสิน,วัดโพธิ์ชัยบ้านโพน
กาฬสิน,วัดโพธิ์ศรีวิลัย
กาฬสิน,วัดท่างาม
กาฬสิน,วัดห้วยยาง
กาฬสิน,วัดบูรพารามหนองแสง
กาฬสิน,วัดโพธิ์ศรีสว่างกุดแห่
กาฬสิน,วัดหนองยอ
กาฬสิน,วัดภูผักหวาน
กาฬสิน,วัดอรุณราษฎร์บำรุง
กาฬสิน,วัดรังษีปาลิวัน
กาฬสิน,วัดป่าสุประเสริฐ
กาฬสิน,วัดกุงเก่า
กาฬสิน,วัดขอนแก่น
กาฬสิน,วัดคำแคน
กาฬสิน,วัดโคกกัมภ์
กาฬสิน,วัดถ้ำไม้รัง
กาฬสิน,วัดสร้างแก้ว
กาฬสิน,วัดกุดจิก
กาฬสิน,วัดแสนสุข
กาฬสิน,วัดหนองหลวงโคกกลาง
กาฬสิน,วัดคำจันทร์เพ็ญ
กาฬสิน,วัดดงกลาง
กาฬสิน,วัดดงจันทร์
กาฬสิน,วัดดงสวรรค์
กาฬสิน,วัดไทยเจริญ
กาฬสิน,วัดสว่างอรุณดงบัง
กาฬสิน,วัดท่าคันโท
กาฬสิน,วัดท่าเมือง
กาฬสิน,วัดถ้ำน้ำทิพย์
กาฬสิน,วัดโนนอำนวย
กาฬสิน,วัดป่าอริยทรัพย์
กาฬสิน,วัดบุตรอินทราราม
กาฬสิน,วัดคำบอน
กาฬสิน,วัดดงสมบูรณ์
กาฬสิน,วัดบ้านยางอู้ม
กาฬสิน,วัดโพธิ์ศรีสว่าง
กาฬสิน,วัดศิริธรรม
กาฬสิน,วัดสันติธรรม
กาฬสิน,วัดคลองน้ำไหล
กาฬสิน,วัดชัยวงษ์จันทร์
กาฬสิน,วัดถ้ำเกิ้ง
กาฬสิน,วัดสามัคคีธรรม
กาฬสิน,วัดถ้ำไทรทอง
กาฬสิน,วัดทรงธรรม
กาฬสิน,วัดนาตาล
กาฬสิน,วัดนิมิตสามัคคี
กาฬสิน,วัดเขาน้อย
กาฬสิน,วัดศรีสะอาดนามน
กาฬสิน,วัดสะอาดสมศรี
กาฬสิน,วัดหนองหญ้าปล้อง
กาฬสิน,วัดอโศการาม
กาฬสิน,วัดดงสวาง
กาฬสิน,วัดศรีสุมังคลาราม
กาฬสิน,วัดสว่างวารีหนองน้อย
กาฬสิน,วัดสุวรรณวารีหนองแวง
กาฬสิน,วัดอนงค์สงเปลือย
กาฬสิน,วัดโนนยิ่งสันต์
กาฬสิน,วัดโพธิ์ชัยหนองบัวกลาง
กาฬสิน,วัดจินดามณี
กาฬสิน,วัดโพธิ์ชัยหนองบัวนอก
กาฬสิน,วัดโพธิ์ศรีหนองบัวใน
กาฬสิน,วัดวิเศษชัยศรีหลักเหลี่ยม
กาฬสิน,วัดสังคมพัฒนา
กาฬสิน,วัดบ้านโนนเที่ยง
กาฬสิน,วัดป่าบุญญาภรณ์ถาวรนิมิต
กาฬสิน,วัดป่าพัฒนาราม
กาฬสิน,วัดป่าโพธิ์กุศล
กาฬสิน,วัดป่าอรุณธรรม
กาฬสิน,วัดศรีชมพู
กาฬสิน,วัดหนองหญ้าปล้อง
กาฬสิน,วัดป่าหวังมนตรี
กาฬสิน,วัดปฐมปฏิมากร
กาฬสิน,วัดโพธิ์ศรีสว่างอำนวย
กาฬสิน,วัดชัยสุนทร
กาฬสิน,วัดดงปอ
กาฬสิน,วัดใต้โพธิ์ค้ำ
กาฬสิน,วัดสว่างคงคา
กาฬสิน,วัดหอไตรปิฎการาม
กาฬสิน,วัดเหนือ
กาฬสิน,วัดเขตตาราม
กาฬสิน,วัดคำมัจฉาราม
กาฬสิน,วัดโพธิ์ไชยาราม
กาฬสิน,วัดหาฤทธาราม
กาฬสิน,วัดอนุหาฤทธาราม
กาฬสิน,วัดชูเถาวัลย์
กาฬสิน,วัดป่ายางเครือ
กาฬสิน,วัดเทพคีรีเหล่าค้อ
กาฬสิน,วัดดอนวัดเก่า
กาฬสิน,วัดโพธิ์ศรีสะอาด
กาฬสิน,วัดอัมพวันแกน้อย
กาฬสิน,วัดสวนป่าสมเด็จ
กาฬสิน,วัดอุดมประชาราษฎร์
กาฬสิน,วัดมณีนพาราม
กาฬสิน,วัดวิเศษไชยาราม
กาฬสิน,วัดสุนทราราม
กาฬสิน,วัดคำเม็กโนนทอง
กาฬสิน,วัดโนนไฮวนาราม
กาฬสิน,วัดศรีสุมังคลาราม
กาฬสิน,วัดสุมังคลาราม
กาฬสิน,วัดหนองโพน
กาฬสิน,วัดสว่างประทุม
กาฬสิน,วัดสุมังคลาราม
กาฬสิน,วัดสุวรรณาราม
กาฬสิน,วัดห้วยสีทน
กาฬสิน,วัดสาหินชัยมัด
กาฬสิน,วัดชัยสิทธาราม
กาฬสิน,วัดท่าม่วง
กาฬสิน,วัดภูปอ
กาฬสิน,วัดอินทรประทานพร
กาฬสิน,วัดประสิทธิ์ไชยาราม
กาฬสิน,วัดป่ากล้วย
กาฬสิน,วัดมหามัจฉาราม
กาฬสิน,วัดสะอาดนาทม
กาฬสิน,วัดอนุมัจฉาราม
กาฬสิน,วัดอัมพวัน
กาฬสิน,วัดอรุณสว่างวนาราม
กาฬสิน,วัดเกาะแก้วพิสดาร
กาฬสิน,วัดคลองรังสิตท่าแสง
กาฬสิน,วัดแดนนาบุญ
กาฬสิน,วัดบ้านโนนแพง
กาฬสิน,วัดสะอาดไชยศรี
กาฬสิน,วัดสุวรรณวารี
กาฬสิน,วัดรัตนาราม
กาฬสิน,วัดเวฬุวนาราม
กาฬสิน,วัดโสภาราม
กาฬสิน,วัดหนองกุงเหนือ
กาฬสิน,วัดกุดอ้อ
กาฬสิน,วัดดอนนาแก
กาฬสิน,วัดดอนสนวน
กาฬสิน,วัดทัศนารามเตาไห
กาฬสิน,วัดป่าพุทธมงคล
กาฬสิน,วัดโพธิ์ชัยดอนเรียบ
กาฬสิน,วัดโพธิ์ชัยหลุบใน
กาฬสิน,วัดสว่างอัมพวัน
กาฬสิน,วัดดงกระยอมอุดมคุณ
กาฬสิน,วัดดงสวางใต้
กาฬสิน,วัดดงสว่างใน
กาฬสิน,วัดโพธิ์ศรีสว่างดอนม่วง
กาฬสิน,วัดสว่างบุรีดงน้อย
กาฬสิน,วัดสว่างโพธิ์ศรีอรุณ
กาฬสิน,วัดเหล่าสูง
กาฬสิน,วัดเศวตวันวนาราม
กาฬสิน,วัดสว่างชัยศรี
กาฬสิน,วัดสว่างโพธิ์ชัย
กาฬสิน,วัดสว่างสามัคคี
กาฬสิน,วัดสว่างอรุณ
กาฬสิน,วัดพุทธปฏิมากร
กาฬสิน,วัดประชานิยม
กาฬสิน,วัดคำหงษา
กาฬสิน,วัดประชานิมิตร
กาฬสิน,วัดนทีศิลาวาส
กาฬสิน,วัดสว่างอัมพวัน
กาฬสิน,วัดคำป่าหว่าน
กาฬสิน,วัดป่าอัมพวัน
กาฬสิน,วัดชลประทานนิมิต
กาฬสิน,วัดศิริเจริญสุข
กาฬสิน,วัดอัมพวันม่วงน้อย
กาฬสิน,วัดป่ามัชฌิมวาส
กาฬสิน,วัดกุดลาย
กาฬสิน,วัดสวัสดิ์โสภาราม
กาฬสิน,วัดสว่างโคกกลาง
กาฬสิน,วัดดงบังเก่า
กาฬสิน,วัดพุทธฉิมพลี
กาฬสิน,วัดดอน
กาฬสิน,วัดป่าไม้แดง
กาฬสิน,วัดบูรพาโคกสี
กาฬสิน,วัดสระบัวบ้านสา
กาฬสิน,วัดสว่างโพธิ์ศรี
กาฬสิน,วัดสามัคคีบ้านขาม
กาฬสิน,วัดดงเค็ง
กาฬสิน,วัดดอนยานาง
กาฬสิน,วัดป่าแดง
กาฬสิน,วัดสว่างโพธิ์ทอง
กาฬสิน,วัดสว่างนิวรณ์
กาฬสิน,วัดโนนสูงใต้
กาฬสิน,วัดบูรพาสร้างมิ่ง
กาฬสิน,วัดโพธิ์หนองจาน
กาฬสิน,วัดสว่างโนนสูง
กาฬสิน,วัดอุดมผลหนองไผ่
กาฬสิน,วัดบุญเรืองศรี
กาฬสิน,วัดโพธิ์ชัยโคกใหญ่
กาฬสิน,วัดโพธิ์ชัยเชียงงาม
กาฬสิน,วัดโพธิ์ชัยบ้านตูม
กาฬสิน,วัดโพธิ์ชัยบ้านเว่อ
กาฬสิน,วัดสระบัวเชียงสา
กาฬสิน,วัดสว่างคำแมด
กาฬสิน,วัดสว่างบ้านเหล่า
กาฬสิน,วัดสามัคคีพัฒนาบ้านแดง
กาฬสิน,วัดสายทองโคกก่อง
กาฬสิน,วัดกลางโคกค้อ
กาฬสิน,วัดชัยเจริญ
กาฬสิน,วัดชุมทาง
กาฬสิน,วัดดอนตาปู่
กาฬสิน,วัดยางน้อยสามัคคี
กาฬสิน,วัดศรีนวลหัวงัว
กาฬสิน,วัดสว่างอุทัยดอนยูง
กาฬสิน,วัดสามัคคีดงบ่อ
กาฬสิน,วัดอร่ามมงคล
กาฬสิน,วัดวารีราษฎร์หนองกุง
กาฬสิน,วัดโพธิ์ศรีคำไฮ
กาฬสิน,วัดสว่างอุทัย
กาฬสิน,วัดโนนตาล
กาฬสิน,วัดบรมผาสุข
กาฬสิน,วัดป่าบุญญาวาส
กาฬสิน,วัดโพธิ์ศรีดงน้อย
กาฬสิน,วัดสว่างคำน้อย
กาฬสิน,วัดสว่างโนนชาติ
กาฬสิน,วัดสว่างโนนทัน
กาฬสิน,วัดสุธรรมาราม
กาฬสิน,วัดท่าพระงาม
กาฬสิน,วัดศรีธาตุกุดสังข์
กาฬสิน,วัดทุ่งสว่างดอนกลาง
กาฬสิน,วัดป่าดงบัง
กาฬสิน,วัดโพธิ์ชัยโคกใหญ่
กาฬสิน,วัดสระบัวโพนสิม
กาฬสิน,วัดสร้างหิน
กาฬสิน,วัดสวนพร้าวดงบัง
กาฬสิน,วัดสว่างหัวนาคำ
กาฬสิน,วัดโพธิ์ศรีบ้านแก
กาฬสิน,วัดโพธิ์ศรียางคำ
กาฬสิน,วัดโพธิ์ศรีหนองแวง
กาฬสิน,วัดหนองแวงใต้
กาฬสิน,วัดหนองแวงบ่อแก้ว
กาฬสิน,วัดหนองขาม
กาฬสิน,วัดจอมทอง
กาฬสิน,วัดพิกุลเจริญ
กาฬสิน,วัดมณีสมบูรณ์
กาฬสิน,วัดปทุมคงคา
กาฬสิน,วัดสุวรรณชัยศรี
กาฬสิน,วัดราษฎร์บำรุงหนองกาว
กาฬสิน,วัดอุดมคงคาท่าเรือ
กาฬสิน,วัดกลางสีมาราม
กาฬสิน,วัดโนนสะอาดวารี
กาฬสิน,วัดสว่างชัยศรี
กาฬสิน,วัดอัมพวันหนองม่วง
กาฬสิน,วัดศรีสว่างอารมณ์
กาฬสิน,วัดป่าสว่างอารมณ์
กาฬสิน,วัดป่าห้วยเตย
กาฬสิน,วัดผลาผล
กาฬสิน,วัดศรีวิริยสัมมาราม
กาฬสิน,วัดสว่างศรีบุญเรือง
กาฬสิน,วัดโคกคันจ้อง
กาฬสิน,วัดโคกคันจ้องบุญมี
กาฬสิน,วัดเจริญธรรม
กาฬสิน,วัดบึงบ้านเสียว
กาฬสิน,วัดป่าสันติวาสอินทาราม
กาฬสิน,วัดสว่างท่าไฮหนองโจด
กาฬสิน,วัดป่าอัมพวัน
กาฬสิน,วัดบูรพาโคกเครือ
กาฬสิน,วัดโพธิ์ชัยคำม่วง
กาฬสิน,วัดโพธิ์ชัยโคกศรี
กาฬสิน,วัดโพธิ์ศรีท่างาม
กาฬสิน,วัดสระทองดอนดู่
กาฬสิน,วัดสว่างอารมณ์
กาฬสิน,วัดปฐมแพงศรี
กาฬสิน,วัดร่องคำ
กาฬสิน,วัดสว่างใต้
กาฬสิน,วัดสองห้อง
กาฬสิน,วัดป่านาเรียง
กาฬสิน,วัดศรีสำราญ
กาฬสิน,วัดสว่างธรรมรังษี
กาฬสิน,วัดสว่างสามัคคี
กาฬสิน,วัดสว่างโสภาเหล่าเขือง
กาฬสิน,วัดอุมังคละนาเรียง
กาฬสิน,วัดกระยอม
กาฬสิน,วัดดงเมือง
กาฬสิน,วัดด่านใต้
กาฬสิน,วัดสว่างเหล่าอ้อย
กาฬสิน,วัดป่านาเรียง
กาฬสิน,วัดป่าสันติธรรม
กาฬสิน,วัดป่าหนองคู
กาฬสิน,วัดพินีวัน
กาฬสิน,วัดโพธิ์วราราม
กาฬสิน,วัดมุจรินทราราม
กาฬสิน,วัดวาปีปทุม
กาฬสิน,วัดศิริมงคล
กาฬสิน,วัดสังวรวราราม
กาฬสิน,วัดสีสุมังคลาราม
กาฬสิน,วัดโพธิ์ศรีมหาไชย
กาฬสิน,วัดสว่างโพธิ์ชัย
กาฬสิน,วัดท่าสามัคคี
กาฬสิน,วัดศรีนวลเจริญ
กาฬสิน,วัดสระทอง
กาฬสิน,วัดกลางโสภณ
กาฬสิน,วัดตลาดม่วง
กาฬสิน,วัดรังษีชัชวาลย์
กาฬสิน,วัดสร้างแสน
กาฬสิน,วัดสายทอง
กาฬสิน,วัดสี่แยกสมเด็จ
กาฬสิน,วัดแสงสว่างโพธิ์ทอง
กาฬสิน,วัดนิมิตเมธาวาส
กาฬสิน,วัดวงศ์สว่างธิวราราม
กาฬสิน,วัดเวฬุวนาราม
กาฬสิน,วัดสระเกษ
กาฬสิน,วัดสว่างอารีย์โนนชาด
กาฬสิน,วัดหนองแวงศิลาราม
กาฬสิน,วัดหนองแวงศิลาราม
กาฬสิน,วัดแก่งพิชัย
กาฬสิน,วัดบึงพฤๅชัย
กาฬสิน,วัดโพธิ์ชัย
กาฬสิน,วัดโพธิวราราม
กาฬสิน,วัดโพธิ์ศรีแสงสว่าง
กาฬสิน,วัดศรีเมืองจันทร์
กาฬสิน,วัดเหนือหมูม่น
กาฬสิน,วัดอินทรวิหาร
กาฬสิน,วัดบรรพตสันติวัน
กาฬสิน,วัดวีรวงศาวาส
กาฬสิน,วัดป่ามัชฌิมวาส
กาฬสิน,วัดวารีวัน
กาฬสิน,วัดโสภณพัฒนาราม
กาฬสิน,วัดวาป่าแพงศรี
กาฬสิน,วัดตรีรัตนาราม
กาฬสิน,วัดป่าพวงสุวรรณ
กาฬสิน,วัดป่าศรีแก้ว
กาฬสิน,วัดป่าศรัทธารวม
กาฬสิน,วัดโนนอุดม
กาฬสิน,วัดบูรพาภิรมย์
กาฬสิน,วัดพุทธมงคล
กาฬสิน,วัดสว่างอัมพวัน
กาฬสิน,วัดเสริมชัยศรี
กาฬสิน,วัดห้วยเสือเต้น
กาฬสิน,วัดกลางมาลัย
กาฬสิน,วัดกัลยาณบริหาร
กาฬสิน,วัดไตรภูมิ
กาฬสิน,วัดนาแก้วนิเวศน์
กาฬสิน,วัดชัยศรี
กาฬสิน,วัดดงสวาง
กาฬสิน,วัดดอนผึ้ง
กาฬสิน,วัดบ้านโนนศิลา
กาฬสิน,วัดม่วงกุญชร
กาฬสิน,วัดไสยทอง
กาฬสิน,วัดคำเชียงวัน
กาฬสิน,วัดโคกไส
กาฬสิน,วัดนามน
กาฬสิน,วัดโป่งแดง
กาฬสิน,วัดสว่างเทพนาวราราม
กาฬสิน,วัดสังข์ปทุมมาลา
กาฬสิน,วัดคำชมภู
กาฬสิน,วัดถ้ำปลา
กาฬสิน,วัดนาสีนวล
กาฬสิน,วัดสระปทุม
กาฬสิน,วัดเวฬุวัน
กาฬสิน,วัดอรุณรังษีวราราม
กาฬสิน,วัดฉันทนิมิตร
กาฬสิน,วัดเจริญธรรม
กาฬสิน,วัดสักกวัน
กาฬสิน,วัดมณีศิลาราม
กาฬสิน,วัดสันติธรรม
กาฬสิน,วัดพุทธนิมิต
กาฬสิน,วัดป่านาสีนวล
กาฬสิน,วัดโคกเครือ
กาฬสิน,วัดหนองโน
กาฬสิน,วัดหนองไม้ตาย
กาฬสิน,วัดห้วยยางดง
กาฬสิน,วัดคำขาม
กาฬสิน,วัดโพธิ์ทอง
กาฬสิน,วัดหนองริวหนัง
กาฬสิน,วัดหนองหอไตร
กาฬสิน,วัดคำไฮ
กาฬสิน,วัดพวงมณีวรรณ
กาฬสิน,วัดสว่างกุงศรี
กาฬสิน,วัดสะอาดนาดี
กาฬสิน,วัดไชยวาร
กาฬสิน,วัดมงคลคำศรี
กาฬสิน,วัดหนองบัว
กาฬสิน,วัดหนองหิน
กาฬสิน,วัดแสงทองบูรณราม
กาฬสิน,วัดหนองสามขา
กาฬสิน,วัดอรุณเรืองศรี
กาฬสิน,วัดป่าสนามชัย
กาฬสิน,วัดป่าอรัญญิกาวาส
กาฬสิน,วัดสว่างศรีคงคา
กาฬสิน,วัดหนองสวง
กาฬสิน,วัดเทพญาณนิมิตร
กาฬสิน,วัดตลาดม่วง
กาฬสิน,วัดบ้านคำม่วง
กาฬสิน,วัดประสิทธิ์โพธิ์ชัย
กาฬสิน,วัดพรหมวิหาร
กาฬสิน,วัดสุทธาวาส
กาฬสิน,วัดหนองอีบุตร
กาฬสิน,วัดทุ่งสว่างโพธิ์ไทร
กาฬสิน,วัดปิยะมงคล
กาฬสิน,วัดอัมพวันบ้านผึ้ง
กาฬสิน,วัดนิคมห้วยผึ้ง
กาฬสิน,วัดสว่างนภา
กาฬสิน,วัดป่าบ้านผึ้ง
กาฬสิน,วัดป่ามุจลินท์
กาฬสิน,วัดป่าศรัทธาธรรม
กาฬสิน,วัดป่าเรไลนาค้อ
กาฬสิน,วัดสะอาดศิลป์หนองปะโอ
กาฬสิน,วัดหนองแวงดง
กาฬสิน,วัดหนองแวงศรีสวัสดิ์
กาฬสิน,วัดอภิสิทธิ์หนองแวงม่วง
กาฬสิน,วัดอุทัยกุดโดน
กาฬสิน,วัดบูรพาคำมะโฮ
กาฬสิน,วัดสว่างคำเหมือดแก้ว
กาฬสิน,วัดเหนือคำมันปลา
กาฬสิน,วัดบูรพาห้วยยาง
กาฬสิน,วัดโพธิ์ชัยคำใหญ่
กาฬสิน,วัดบูรพาหนองกุง
กาฬสิน,วัดนางนวล
กาฬสิน,วัดบุบผานาสีนวล
กาฬสิน,วัดเพิ่มวิลัยยางเนียม
กาฬสิน,วัดมงคลหนองแสง
กาฬสิน,วัดมุจรินทาราม
กาฬสิน,วัดสว่างชัยศรี
กาฬสิน,วัดอุดมผลพิมูล
กาฬสิน,วัดกลางห้วยเม็ก
กาฬสิน,วัดธรรมพิทักษ์
กาฬสิน,วัดสว่างพิชัยกุดท่าลือ
กาฬสิน,วัดสุวรรณาราม
กาฬสิน,วัดบูรพาโคกล่าม
กาฬสิน,วัดศรีบุญเรืองโคกกลาง
กาฬสิน,วัดศรีสะอาดห้วยมะทอ
กาฬสิน,วัดอินเขียนหนองโน
กาฬสิน,วัดป่าบ้านคำใหญ่
กาฬสิน,วัดโพธิพุทธคุณ
กาฬสิน,วัดป่าหนองรัง
กำแพงเพชร,วัดพระบรมธาตุ
กำแพงเพชร,วัดคูยาง
กำแพงเพชร,วัดนาควัชรโสภณ
กำแพงเพชร,วัดเกาะตำแย
กำแพงเพชร,วัดโกสัมพี
กำแพงเพชร,วัดคลองเมือง
กำแพงเพชร,วัดดงซ่อมสามัคคี
กำแพงเพชร,วัดท่าคูณสามัคคีธรรม
กำแพงเพชร,วัดมะเดื่อชุมพร
กำแพงเพชร,วัดไร่ลำปาง
กำแพงเพชร,วัดวังเจ้า
กำแพงเพชร,วัดศรีหัตถยาราม
กำแพงเพชร,วัดหนองแดน
กำแพงเพชร,วัดหนองเตาอิฐ
กำแพงเพชร,วัดหนองวัวดำ
กำแพงเพชร,วัดเกาะรากเสียด
กำแพงเพชร,วัดเกาะรากเสียดนอก
กำแพงเพชร,วัดคลองแต้วพัฒนา
กำแพงเพชร,วัดกัลปพฤกษ์
กำแพงเพชร,วัดเนินกรวด
กำแพงเพชร,วัดอมฤต
กำแพงเพชร,วัดอรัญสถิตย์
กำแพงเพชร,วัดเขาวังเจ้า
กำแพงเพชร,วัดโนนสมบูรณ์
กำแพงเพชร,วัดกระบวยทอง
กำแพงเพชร,วัดก้องประชาราษฎร์
กำแพงเพชร,วัดชัยมงคล
กำแพงเพชร,วัดบึงลาด
กำแพงเพชร,วัดวังเจ้า
กำแพงเพชร,วัดสามขา
กำแพงเพชร,วัดบึงบ้าน
กำแพงเพชร,วัดบึงสามัคคี
กำแพงเพชร,วัดเกษประชาสรรค์
กำแพงเพชร,วัดคอปล้อง
กำแพงเพชร,วัดทุ่งสนุ่นรัตนาราม
กำแพงเพชร,วัดศรีพรหม
กำแพงเพชร,วัดชัยเคือง
กำแพงเพชร,วัดป่าวังชะโอน
กำแพงเพชร,วัดไผ่งาม
กำแพงเพชร,วัดพงษ์สัก
กำแพงเพชร,วัดแสงสุริยาราม
กำแพงเพชร,วัดหนองไทร
กำแพงเพชร,วัดเกาะตาล
กำแพงเพชร,วัดโนนตารอด
กำแพงเพชร,วัดโค้งไผ่
กำแพงเพชร,วัดด่านกรวด
กำแพงเพชร,วัดบ้านหลวง
กำแพงเพชร,วัดโพธิ์ศรี
กำแพงเพชร,วัดวารีวัฒนาราม
กำแพงเพชร,วัดสิทธิวราราม
กำแพงเพชร,วัดหนองงูเห่า
กำแพงเพชร,วัดหนองโมกข์พัฒนาราม
กำแพงเพชร,วัดดอนโค้ง
กำแพงเพชร,วัดดอนแตง
กำแพงเพชร,วัดดอนเหียง
กำแพงเพชร,วัดดำรงธรรม
กำแพงเพชร,วัดบุญมั่นศรัทธาราม
กำแพงเพชร,วัดพรหมนิมิต
กำแพงเพชร,วัดคูหาสวรรค์
กำแพงเพชร,วัดบ่อกระบาก
กำแพงเพชร,วัดส่องตาแล
กำแพงเพชร,วัดสันติวัน
กำแพงเพชร,วัดใหม่หนองยาง
กำแพงเพชร,วัดเกาะแก้ว
กำแพงเพชร,วัดเขาสว่างธรรม
กำแพงเพชร,วัดธรรมวารี
กำแพงเพชร,วัดปางมะค่า
กำแพงเพชร,วัดศรีเกษตรพัฒนา
กำแพงเพชร,วัดศรีไพศาล
กำแพงเพชร,วัดส่องตาแล
กำแพงเพชร,วัดแก้วโสภณ
กำแพงเพชร,วัดบึงกอก
กำแพงเพชร,วัดปลูกศรัทธา
กำแพงเพชร,วัดสันติยาราม
กำแพงเพชร,วัดหนองกระทุ่ม
กำแพงเพชร,วัดอุดมศรัทธาราม
กำแพงเพชร,วัดเกาะฝ้าย
กำแพงเพชร,วัดบึงเสือเต้น
กำแพงเพชร,วัดปรีชาราษฎร์บำรุง
กำแพงเพชร,วัดพัฒนราษฎร์บำรุง
กำแพงเพชร,วัดมาบมะโมง
กำแพงเพชร,วัดหัวเสลาโพธาราม
กำแพงเพชร,วัดขนุนงาม
กำแพงเพชร,วัดช่องลม
กำแพงเพชร,วัดนาเหนือ
กำแพงเพชร,วัดเนินสำราญ
กำแพงเพชร,วัดบ้านไร่
กำแพงเพชร,วัดวังน้ำวน
กำแพงเพชร,วัดสันเนินดินแดง
กำแพงเพชร,วัดหนองกระทุ่ม
กำแพงเพชร,วัดหนองกระทุ่ม
กำแพงเพชร,วัดหนองชุมแสงธรรม
กำแพงเพชร,วัดหนองปลิง
กำแพงเพชร,วัดทรัพย์เจริญ
กำแพงเพชร,วัดวังล้อม
กำแพงเพชร,วัดวังหามแห
กำแพงเพชร,วัดดอนปอแดง
กำแพงเพชร,วัดมะม่วงงาม
กำแพงเพชร,วัดสลกบาตร
กำแพงเพชร,วัดสิงคาราม
กำแพงเพชร,วัดหงษ์ทอง
กำแพงเพชร,วัดน้อยวรลักษณ์
กำแพงเพชร,วัดสว่างอารมณ์
กำแพงเพชร,วัดหนองเหมือด
กำแพงเพชร,วัดแสนสุข
กำแพงเพชร,วัดเกาะหมู
กำแพงเพชร,วัดคลองน้ำเย็นเหนือ
กำแพงเพชร,วัดโค้งวิไล
กำแพงเพชร,วัดถนนงาม
กำแพงเพชร,วัดนาร้อยไร่
กำแพงเพชร,วัดมาบคล้า
กำแพงเพชร,วัดศรีภิรมย์
กำแพงเพชร,วัดหนองเต่าทอง
กำแพงเพชร,วัดดงตาจันทร์
กำแพงเพชร,วัดหนองปรือ
กำแพงเพชร,วัดคฤหบดีสงฆ์
กำแพงเพชร,วัดคลองเจริญราษฎร์บำรุง
กำแพงเพชร,วัดพรหมพาราม
กำแพงเพชร,วัดรักษ์สามัคคีธรรม
กำแพงเพชร,วัดวชิราราม
กำแพงเพชร,วัดศรีสังฆธาราม
กำแพงเพชร,วัดคลองพัฒนาราม
กำแพงเพชร,วัดคล้ายภู่ทอง
กำแพงเพชร,วัดสันติวนาราม
กำแพงเพชร,วัดสามัคคีธรรม
กำแพงเพชร,วัดหนองจอกพัฒนาราม
กำแพงเพชร,วัดอยู่โนนมะกอก
กำแพงเพชร,วัดอู่สำเภา
กำแพงเพชร,วัดคงคาราม
กำแพงเพชร,วัดธรรมธาราม
กำแพงเพชร,วัดพรหมประดิษฐ์
กำแพงเพชร,วัดแม่ลาดใหญ่
กำแพงเพชร,วัดจันทาราม
กำแพงเพชร,วัดทุ่งหันตรา
กำแพงเพชร,วัดบ่อทอง
กำแพงเพชร,วัดวังหันน้ำดึง
กำแพงเพชร,วัดศาลเจ้าแม่
กำแพงเพชร,วัดมุจลินท์
กำแพงเพชร,วัดหนองทองหล่อ
กำแพงเพชร,วัดหนองเม่น
กำแพงเพชร,วัดอัมพาพนาราม
กำแพงเพชร,วัดอ่างทองพัฒนา
กำแพงเพชร,วัดท่าคร้อ
กำแพงเพชร,วัดปทุมทอง
กำแพงเพชร,วัดสามแยก
กำแพงเพชร,วัดตะล่อมสุวรรณาราม
กำแพงเพชร,วัดนิคมธรรมาราม
กำแพงเพชร,วัดประชาศรัทธาราม
กำแพงเพชร,วัดฤกษ์หร่ายสามัคคี
กำแพงเพชร,วัดวังน้ำสามัคคี
กำแพงเพชร,วัดโนนดุม
กำแพงเพชร,วัดโนนทัน
กำแพงเพชร,วัดพิกุลทอง
กำแพงเพชร,วัดหนองขาม
กำแพงเพชร,วัดอุเบกขาราม
กำแพงเพชร,วัดเด่นสะเดา
กำแพงเพชร,วัดคลองน้ำไหลกลาง
กำแพงเพชร,วัดท่าช้าง
กำแพงเพชร,วัดมอสังเวียน
กำแพงเพชร,วัดแม่สอด
กำแพงเพชร,วัดศรีสัจธรรม
กำแพงเพชร,วัดมอเศรษฐี
กำแพงเพชร,วัดคลองน้ำไหลใต้
กำแพงเพชร,วัดคลองลาน
กำแพงเพชร,วัดโชคชัยพัฒนา
กำแพงเพชร,วัดท่าข้ามสามัคคี
กำแพงเพชร,วัดปากคลองลาน
กำแพงเพชร,วัดป่าเจริญธรรม
กำแพงเพชร,วัดมอสำราญ
กำแพงเพชร,วัดใหม่ธงชัย
กำแพงเพชร,วัดดอยแก้ว
กำแพงเพชร,วัดโป่งน้ำร้อน
กำแพงเพชร,วัดคลองใหญ่
กำแพงเพชร,วัดศรีสมบูรณ์
กำแพงเพชร,วัดสักงาม
กำแพงเพชร,วัดไพรสณฑ์รัตนาราม
กำแพงเพชร,วัดหนองน้ำขุ่น
กำแพงเพชร,วัดชุมนาก
กำแพงเพชร,วัดถาวรวัฒนา
กำแพงเพชร,วัดถาวรวัฒนา
กำแพงเพชร,วัดบึงสำราญน้อย
กำแพงเพชร,วัดบึงสำราญใหญ่
กำแพงเพชร,วัดแก้วศรีวิไล
กำแพงเพชร,วัดทุ่งทอง
กำแพงเพชร,วัดนิมิตธัญญาราม
กำแพงเพชร,วัดโพธิ์ประสิทธิธรรม
กำแพงเพชร,วัดวังน้ำแดง
กำแพงเพชร,วัดแก้วชัยมงคล
กำแพงเพชร,วัดเทพนิมิตมงคล
กำแพงเพชร,วัดไทรงาม
กำแพงเพชร,วัดไทรงามใต้
กำแพงเพชร,วัดเนินสำราญ
กำแพงเพชร,วัดบ้านดงเย็น
กำแพงเพชร,วัดหนองไม้แดง
กำแพงเพชร,วัดบ่อแก้ว
กำแพงเพชร,วัดพานทอง
กำแพงเพชร,วัดราษฎร์ศรัทธาราม
กำแพงเพชร,วัดหนองโดนราษฎร์บำรุง
กำแพงเพชร,วัดป่าพานทองใต้
กำแพงเพชร,วัดไร่นาขวัญ
กำแพงเพชร,วัดแก้วสุวรรณ
กำแพงเพชร,วัดทุ่งมหาศาล
กำแพงเพชร,วัดบุญญารักษ์
กำแพงเพชร,วัดมหาชัยวนาราม
กำแพงเพชร,วัดศรีวิไล
กำแพงเพชร,วัดห้วยใหญ่ยางงาม
กำแพงเพชร,วัดหนองเอื้อมสามัคคี
กำแพงเพชร,วัดคงคาราม
กำแพงเพชร,วัดป่าเรไลย์
กำแพงเพชร,วัดโปร่งตะคลอง
กำแพงเพชร,วัดสว่างอารมณ์
กำแพงเพชร,วัดหัวยาง
กำแพงเพชร,วัดใหม่เจริญพร
กำแพงเพชร,วัดใหม่ท้ายวัง
กำแพงเพชร,วัดงิ้วสองนาง
กำแพงเพชร,วัดจิกคันซ้อน
กำแพงเพชร,วัดเนินกรอย
กำแพงเพชร,วัดโนนใหญ่วัฒนาราม
กำแพงเพชร,วัดศรีบุญส่ง
กำแพงเพชร,วัดใหม่โคกเจริญ
กำแพงเพชร,วัดมณีทรงธรรม
กำแพงเพชร,วัดธรรมรังษี
กำแพงเพชร,วัดหนองลวกหิรัญญาราม
กำแพงเพชร,วัดไผ่ตาสุ่ม
กำแพงเพชร,วัดหนองปืนแตก
กำแพงเพชร,วัดหนองแม่แตง
กำแพงเพชร,วัดหนองชุมแสง
กำแพงเพชร,วัดบ้านตอรัง
กำแพงเพชร,วัดทีฆายุการาม
กำแพงเพชร,วัดทุ่งรวงทอง
กำแพงเพชร,วัดสักขีย์วนาราม
กำแพงเพชร,วัดหนองไม้กอง
กำแพงเพชร,วัดจิกลาด
กำแพงเพชร,วัดเขาชุมแสง
กำแพงเพชร,วัดท่าขึ้น
กำแพงเพชร,วัดโพธิ์ทอง
กำแพงเพชร,วัดสุขเกษม
กำแพงเพชร,วัดหนองไผ่
กำแพงเพชร,วัดเขาคีรีส
กำแพงเพชร,วัดทรายทองศรัทธาราม
กำแพงเพชร,วัดทรายทองศรัทธาราม
กำแพงเพชร,วัดลัฏฐิวันวนาราม
กำแพงเพชร,วัดวังเฉลียง
กำแพงเพชร,วัดคลองพิไกร
กำแพงเพชร,วัดรัตนปทุม
กำแพงเพชร,วัดไตรภูมิ
กำแพงเพชร,วัดเย็นบูรณะราษฎร์เจริญ
กำแพงเพชร,วัดวังไม้แดง
กำแพงเพชร,วัดสว่างอารมณ์
กำแพงเพชร,วัดอินทาราม
กำแพงเพชร,วัดกุฏิการาม
กำแพงเพชร,วัดเขาแก้ว
กำแพงเพชร,วัดเขาสว่างอารมณ์
กำแพงเพชร,วัดนานอก
กำแพงเพชร,วัดลานกระทิง
กำแพงเพชร,วัดลานทอง
กำแพงเพชร,วัดสุวรรณาราม
กำแพงเพชร,วัดราษฎร์บูรณะ
กำแพงเพชร,วัดโคศิรการาม
กำแพงเพชร,วัดทุ่งน้ำตก
กำแพงเพชร,วัดคลองราษฎร์เจริญ
กำแพงเพชร,วัดถ้ำเขาตะล่อม
กำแพงเพชร,วัดกาทิ้งสามัคคีธรรม
กำแพงเพชร,วัดท่าเสลี่ยง
กำแพงเพชร,วัดเทพนคร
กำแพงเพชร,วัดปราสาท
กำแพงเพชร,วัดโพธิ์พัฒนา
กำแพงเพชร,วัดโพธิ์ใหม่กฤษฎี
กำแพงเพชร,วัดมงคลศรัทธาราม
กำแพงเพชร,วัดหงษ์ทองเจริญ
กำแพงเพชร,วัดธรรมโสภณวนาราม
กำแพงเพชร,วัดพระธาตุธนาราม
กำแพงเพชร,วัดคลองละแวก
กำแพงเพชร,วัดประดู่ลาย
กำแพงเพชร,วัดยางเรียง
กำแพงเพชร,วัดไตรตรึงษาราม
กำแพงเพชร,วัดทรัพย์นิมิตร
กำแพงเพชร,วัดโนนโก
กำแพงเพชร,วัดมอสำเภาพัฒนาราม
กำแพงเพชร,วัดวังประดา
กำแพงเพชร,วัดวังพระธาตุ
กำแพงเพชร,วัดศรีปุณณาวาส
กำแพงเพชร,วัดศรีสุทธาวาส
กำแพงเพชร,วัดหนองหลวง
กำแพงเพชร,วัดเทพทรงธรรม
กำแพงเพชร,วัดไทรย้อย
กำแพงเพชร,วัดนิคมสหกรณ์
กำแพงเพชร,วัดราษฎร์เจริญพร
กำแพงเพชร,วัดสหราษฎร์รังสรรค์
กำแพงเพชร,วัดบ้านใหม่สุวรรณภูมิ
กำแพงเพชร,วัดสันติสุข
กำแพงเพชร,วัดอุทุมพร
กำแพงเพชร,วัดโขมงหัก
กำแพงเพชร,วัดคณฑีศรีวชิราราม
กำแพงเพชร,วัดตลุกงาม
กำแพงเพชร,วัดท่าตะคร้อเขาทอง
กำแพงเพชร,วัดไทรย้อย
กำแพงเพชร,วัดบ่อเงิน
กำแพงเพชร,วัดบ่อตาโพธิ์
กำแพงเพชร,วัดมะกอกหวาน
กำแพงเพชร,วัดมิตรศรัทธาธรรม
กำแพงเพชร,วัดวังโบสถ์
กำแพงเพชร,วัดสระสิงห์โต
กำแพงเพชร,วัดหนองเต่า
กำแพงเพชร,วัดคลองสีนวล
กำแพงเพชร,วัดคลองสุวรรณ
กำแพงเพชร,วัดราษฎร์ศรัทธาธรรม
กำแพงเพชร,วัดสระแก้ว
กำแพงเพชร,วัดเสมางาม
กำแพงเพชร,วัดใหม่ศรีเจริญพร
กำแพงเพชร,วัดทุ่งเศรษฐี
กำแพงเพชร,วัดทุ่งสวน
กำแพงเพชร,วัดทุ่งสามัคคี
กำแพงเพชร,วัดพระเจดีย์ทอง
กำแพงเพชร,วัดพิกุล
กำแพงเพชร,วัดวังยาง
กำแพงเพชร,วัดสว่างอารมณ์
กำแพงเพชร,วัดเขาวังเยี่ยม
กำแพงเพชร,วัดเขาวังเยี่ยม
กำแพงเพชร,วัดชัยภูมิ
กำแพงเพชร,วัดนาบ่อคำ
กำแพงเพชร,วัดบ้านปางขนุน
กำแพงเพชร,วัดบ้านแม่นารี
กำแพงเพชร,วัดอุทุมพร
กำแพงเพชร,วัดแปดอ้อม
กำแพงเพชร,วัดโพธิ์ทะเล
กำแพงเพชร,วัดมหาโพธิมงคล
กำแพงเพชร,วัดวังเพชร
กำแพงเพชร,วัดสระเตย
กำแพงเพชร,วัดใหม่ศรีอุบล
กำแพงเพชร,วัดดอนไพรวัลย์
กำแพงเพชร,วัดบาง
กำแพงเพชร,วัดเสด็จ
กำแพงเพชร,วัดเกาะน้ำโจน
กำแพงเพชร,วัดป่าชัยรังสี
กำแพงเพชร,วัดอรัญญิกาวาส
กำแพงเพชร,วัดชัยพฤกษ์
กำแพงเพชร,วัดเตาขนมจีน
กำแพงเพชร,วัดมอสมบัติ
กำแพงเพชร,วัดมอสูง
กำแพงเพชร,วัดวังทอง
กำแพงเพชร,วัดหนองใหญ่ปางช่างยม
กำแพงเพชร,วัดหนองใหญ่ศรีโสภณ
กำแพงเพชร,วัดดงสระแก้ว
กำแพงเพชร,วัดไร่หลักขวัญ
กำแพงเพชร,วัดห้วยปักษ์
กำแพงเพชร,วัดเขาพระ
กำแพงเพชร,วัดบ่อสามแสน
กำแพงเพชร,วัดราชพฤกษ์ศรัทธาราม
กำแพงเพชร,วัดศรีโยธิน
กำแพงเพชร,วัดศรีโยธิน
กำแพงเพชร,วัดหนองปลิง
กำแพงเพชร,วัดกระโจมทอง
กำแพงเพชร,วัดดาดทองเจริญ
กำแพงเพชร,วัดทุ่งตาพุก
กำแพงเพชร,วัดปากอ่าง
กำแพงเพชร,วัดมอสำราญ
กำแพงเพชร,วัดวังตะเคียน
กำแพงเพชร,วัดวังตะเคียนทอง
กำแพงเพชร,วัดแสงอรุณ
กำแพงเพชร,วัดหนองใหญ่
กำแพงเพชร,วัดอ่างทอง
กำแพงเพชร,วัดยางเลียง
กำแพงเพชร,วัดป่าดอยลับงา
กำแพงเพชร,วัดหนองบัว
กำแพงเพชร,วัดพัฒนานิคม
กำแพงเพชร,วัดวังอ้อ
กำแพงเพชร,วัดกำแพงเพชร
กำแพงเพชร,วัดลานดอกไม้
กำแพงเพชร,วัดจันทิมา
กำแพงเพชร,วัดเพชรไพรวัลย์
กำแพงเพชร,วัดเกศกาสร
กำแพงเพชร,วัดช่องลม
กำแพงเพชร,วัดปรือพันไถ
กำแพงเพชร,วัดฟากทุ่ง
กำแพงเพชร,วัดดงกระทิง
กำแพงเพชร,วัดดงอีบุก
กำแพงเพชร,วัดลานตาบัว
กำแพงเพชร,วัดแก้วสุริย์ฉาย
กำแพงเพชร,วัดโพธิ์เตี้ย
กำแพงเพชร,วัดหนองตาสังข์
กำแพงเพชร,วัดสว่างอารมณ์
ขอนแก่น,วัดธาตุ
ขอนแก่น,วัดหนองแวง
ขอนแก่น,วัดศรีจันทร์
ขอนแก่น,วัดป่าแสงอรุณ
ขอนแก่น,วัดโพธิ์ชัย
ขอนแก่น,วัดมารวิชัย
ขอนแก่น,วัดยางคำ
ขอนแก่น,วัดยางใย
ขอนแก่น,วัดบัวระพา
ขอนแก่น,วัดราษฎร์นิยม
ขอนแก่น,วัดศรีบุญเรือง
ขอนแก่น,วัดบัวบาล
ขอนแก่น,วัดพุทธชาฎา
ขอนแก่น,วัดชุมพรชัยศรี
ขอนแก่น,วัดไตรมิตร
ขอนแก่น,วัดเนกขัมมาภิรมณ์
ขอนแก่น,วัดประทุมคงคา
ขอนแก่น,วัดโนนสูง
ขอนแก่น,วัดบูรพา
ขอนแก่น,วัดสว่างอรุณ
ขอนแก่น,วัดบูรพาราม
ขอนแก่น,วัดพรมประสิทธิ์
ขอนแก่น,วัดพัฒนาสีลา
ขอนแก่น,วัดจอมแจ้ง
ขอนแก่น,วัดพรหมวิหารธรรม
ขอนแก่น,วัดมธุวัณโณวาส
ขอนแก่น,วัดเวียงแก้ว
ขอนแก่น,วัดอัมพวัน
ขอนแก่น,วัดชุมพล
ขอนแก่น,วัดป่าชัยมงคล
ขอนแก่น,วัดป่าเลไลย์
ขอนแก่น,วัดศรีมหานาท
ขอนแก่น,วัดศรีสว่าง
ขอนแก่น,วัดสุทธาวาส
ขอนแก่น,วัดนาเลาะ
ขอนแก่น,วัดโนนสว่าง
ขอนแก่น,วัดป่าสามัคคีธรรม
ขอนแก่น,วัดศรีจันทร์
ขอนแก่น,วัดสามัคคีธรรม
ขอนแก่น,วัดหนองโน
ขอนแก่น,วัดเหนือสำโรง
ขอนแก่น,วัดไทรทอง
ขอนแก่น,วัดโนนสัง
ขอนแก่น,วัดป่าจันทรมณี
ขอนแก่น,วัดศรีชมชื่น
ขอนแก่น,วัดศรีมงคล
ขอนแก่น,วัดศิริชัยโย
ขอนแก่น,วัดสว่าง
ขอนแก่น,วัดสว่างวังหิน
ขอนแก่น,วัดอัมพวัน
ขอนแก่น,วัดท่าแขก
ขอนแก่น,วัดศรีสำราญ
ขอนแก่น,วัดสว่างธรรม
ขอนแก่น,วัดหายโศก
ขอนแก่น,วัดโนนกลาง
ขอนแก่น,วัดศรีสุพร
ขอนแก่น,วัดสว่างแดนดิน
ขอนแก่น,วัดอิสาณ
ขอนแก่น,วัดบรูพาวนาราม
ขอนแก่น,วัดฝางศรีงามราษฎร์
ขอนแก่น,วัดอัมพาผล
ขอนแก่น,วัดจันทรสิรินทราวาส
ขอนแก่น,วัดหนองคูสุวรรณาราม
ขอนแก่น,วัดทุ่งสว่าง
ขอนแก่น,วัดชมภู
ขอนแก่น,วัดโพธิ์ศรี
ขอนแก่น,วัดกองศรี
ขอนแก่น,วัดเกษามคม
ขอนแก่น,วัดทุ่งสว่าง
ขอนแก่น,วัดมัชฌิมาวาส
ขอนแก่น,วัดสระทอง
ขอนแก่น,วัดหงษ์ทอง
ขอนแก่น,วัดโนนศิลา
ขอนแก่น,วัดชัยมงคล
ขอนแก่น,วัดสะอาด
ขอนแก่น,วัดสาลวัน
ขอนแก่น,วัดสว่าง
ขอนแก่น,วัดสว่างอารมณ์
ขอนแก่น,วัดตะคลอง
ขอนแก่น,วัดปากช่อง
ขอนแก่น,วัดสะอาดชมภู
ขอนแก่น,วัดป่าขันติธรรมวนาราม
ขอนแก่น,วัดเกาะแก้ว
ขอนแก่น,วัดทุ่งสว่าง
ขอนแก่น,วัดบัวระพา
ขอนแก่น,วัดบ้านหัวหนอง
ขอนแก่น,วัดมงคลศรีสวนกวาง
ขอนแก่น,วัดสระกัญญาราช
ขอนแก่น,วัดหัตถวิชัย
ขอนแก่น,วัดคำสมบูรณ์
ขอนแก่น,วัดทางพาด
ขอนแก่น,วัดศรีดงเรือง
ขอนแก่น,วัดดอนน้ำผึ้ง
ขอนแก่น,วัดมรรคผดุงศรี
ขอนแก่น,วัดยางคำทุ่งบ่อ
ขอนแก่น,วัดศิริพนปุญญาวาส
ขอนแก่น,วัดสว่างคำอ้อ
ขอนแก่น,วัดสุทธิวาส
ขอนแก่น,วัดสุวรรณาวาส
ขอนแก่น,วัดหนองโน
ขอนแก่น,วัดนาง้อง
ขอนแก่น,วัดโพธิ์ศรีสำราญ
ขอนแก่น,วัดศิริวรรณ
ขอนแก่น,วัดโนนพลทอง
ขอนแก่น,วัดสว่างอารมณ์
ขอนแก่น,วัดเขาสวนกวาง
ขอนแก่น,วัดศรีเมืองแอม
ขอนแก่น,วัดเทพาภิบาล
ขอนแก่น,วัดราษฎร์สามัคคี
ขอนแก่น,วัดศรีวราราม
ขอนแก่น,วัดสระแก้ว
ขอนแก่น,วัดสระทอง
ขอนแก่น,วัดสะอาดโนนคูณ
ขอนแก่น,วัดสุทธาวาส
ขอนแก่น,วัดกุดน้ำเที่ยง
ขอนแก่น,วัดบูรพา
ขอนแก่น,วัดโพธิ์ศรีสะอาด
ขอนแก่น,วัดโคกกรวด
ขอนแก่น,วัดเจริญวารี
ขอนแก่น,วัดธงไชย
ขอนแก่น,วัดบึงเบ็ญ
ขอนแก่น,วัดศรีชมชื่น
ขอนแก่น,วัดศิลาประชาวาส
ขอนแก่น,วัดสามัคคีประชาวาส
ขอนแก่น,วัดธรรมณี
ขอนแก่น,วัดศรีพนาวาส
ขอนแก่น,วัดสวัสดี
ขอนแก่น,วัดชัยประสิทธิ์
ขอนแก่น,วัดเจริญวารี
ขอนแก่น,วัดแท่นศิลา
ขอนแก่น,วัดโนนคำมี
ขอนแก่น,วัดโนนสะอาด
ขอนแก่น,วัดศรีสว่าง
ขอนแก่น,วัดสระเกษ
ขอนแก่น,วัดสว่างอารมณ์
ขอนแก่น,วัดสันติวนาราม
ขอนแก่น,วัดบำรุงวิริยะ
ขอนแก่น,วัดบึงแก้ว
ขอนแก่น,วัดอัมพวัน
ขอนแก่น,วัดทรงศิลา
ขอนแก่น,วัดป่าสุริยาเย็น
ขอนแก่น,วัดราษฎร์บำรุง
ขอนแก่น,วัดวิเวกภูนางงำ
ขอนแก่น,วัดศรีภูบาล
ขอนแก่น,วัดสิงห์ทอง
ขอนแก่น,วัดแสงจันทร์
ขอนแก่น,วัดแสงอุดมสิทธิราษฎร์
ขอนแก่น,วัดป่าธรรมวิเวก
ขอนแก่น,วัดศรีสุมังคล์
ขอนแก่น,วัดอรัญญิกาวาส
ขอนแก่น,วัดอรุณวนาราม
ขอนแก่น,วัดป่าหัวฝาย
ขอนแก่น,วัดศรีชมชื่น
ขอนแก่น,วัดสว่างวงษ์
ขอนแก่น,วัดสามัคคีธรรม
ขอนแก่น,วัดหนองแต้
ขอนแก่น,วัดหนองแวงน้อย
ขอนแก่น,วัดป่าภูหันบรรพต
ขอนแก่น,วัดป่าเกษมคงคาราม
ขอนแก่น,วัดป่าปริปุณณธรรมาราม
ขอนแก่น,วัดศรีบุญเรือง
ขอนแก่น,วัดราษี
ขอนแก่น,วัดสระแก้ว
ขอนแก่น,วัดหันสว่าง
ขอนแก่น,วัดอรัญญาวาส
ขอนแก่น,วัดดาวเรือง
ขอนแก่น,วัดธาตุ
ขอนแก่น,วัดนาโพธิ์
ขอนแก่น,วัดบุญบาลประดิษฐ
ขอนแก่น,วัดพัฒนาราม
ขอนแก่น,วัดโพธิ์ธาตุ
ขอนแก่น,วัดสว่างหนองบัว
ขอนแก่น,วัดชัยประดิษฐ
ขอนแก่น,วัดโนนสะอาด
ขอนแก่น,วัดบริบูรณ์
ขอนแก่น,วัดบ้านท่าเดื่อ
ขอนแก่น,วัดสว่างหนองสังข์
ขอนแก่น,วัดสว่างอินทร์แปลง
ขอนแก่น,วัดสามัคคีพัฒนาราม
ขอนแก่น,วัดโกสุมภาราม
ขอนแก่น,วัดโคกหย่อน
ขอนแก่น,วัดบึงนาเพียง
ขอนแก่น,วัดป่าหินลาด
ขอนแก่น,วัดพนมไพร
ขอนแก่น,วัดอิสาณ
ขอนแก่น,วัดโกวสินธุ์วนาราม
ขอนแก่น,วัดบ้านห้วยอีเปาะ
ขอนแก่น,วัดอิสาณราษฎร์บำรุง
ขอนแก่น,วัดอุดมราษฏร์ประดิษฐ์
ขอนแก่น,วัดแจ้งสว่างนอก
ขอนแก่น,วัดโนนบุรุษ
ขอนแก่น,วัดโนนสำราญ
ขอนแก่น,วัดบึงสว่าง
ขอนแก่น,วัดป่าโนนลาน
ขอนแก่น,วัดสระแก้ว
ขอนแก่น,วัดสว่างศรีบุญเรือง
ขอนแก่น,วัดแจ้งสว่าง
ขอนแก่น,วัดไตรรงค์
ขอนแก่น,วัดป่าหนองม่วง
ขอนแก่น,วัดโพธิ์ศรี
ขอนแก่น,วัดอัมพวัน
ขอนแก่น,วัดอุดมวิทยาราม
ขอนแก่น,วัดทาม
ขอนแก่น,วัดโนนสูง
ขอนแก่น,วัดโนนแห่โพธิ์ชัย
ขอนแก่น,วัดสระพัง
ขอนแก่น,วัดหินตั้ง
ขอนแก่น,วัดโนนศิลา
ขอนแก่น,วัดสว่างโนนคูณ
ขอนแก่น,วัดแสงจันทร์
ขอนแก่น,วัดกลาง
ขอนแก่น,วัดมิ่งมงคล
ขอนแก่น,วัดศรีชมพู
ขอนแก่น,วัดศรีบุญเรือง
ขอนแก่น,วัดศิลาลำโจด
ขอนแก่น,วัดใหม่สามัคคี
ขอนแก่น,วัดกลางสว่าง
ขอนแก่น,วัดนาราม
ขอนแก่น,วัดโนนลาน
ขอนแก่น,วัดบูรพา
ขอนแก่น,วัดโพธิ์ก่อง
ขอนแก่น,วัดสว่างโนนงาม
ขอนแก่น,วัดสว่างวังบง
ขอนแก่น,วัดประดู่ทอง
ขอนแก่น,วัดพงษาวาส
ขอนแก่น,วัดศรีโกศลวนาราม
ขอนแก่น,วัดสามัคคีชัย
ขอนแก่น,วัดโนนคูณ
ขอนแก่น,วัดสว่างอารมณ์
ขอนแก่น,วัดป่าบ้านแห่
ขอนแก่น,วัดป่านาหนองทุ่ม
ขอนแก่น,วัดป่าหนองม่วง
ขอนแก่น,วัดนาดี
ขอนแก่น,วัดประสิทธิ์ไพศาล
ขอนแก่น,วัดป่าหนองศาลา
ขอนแก่น,วัดบัวระพา
ขอนแก่น,วัดโพธาราม
ขอนแก่น,วัดศรีมงคล
ขอนแก่น,วัดสุนันทาวาส
ขอนแก่น,วัดบัวบานจันทรังษี
ขอนแก่น,วัดศรีอุดม
ขอนแก่น,วัดสมศรี
ขอนแก่น,วัดหินลาด
ขอนแก่น,วัดบัวระพา
ขอนแก่น,วัดบึงบอล
ขอนแก่น,วัดมุกดาราม
ขอนแก่น,วัดศรีชมชื่น
ขอนแก่น,วัดศรีธรรมา
ขอนแก่น,วัดศรีบุญเรือง
ขอนแก่น,วัดศรีมงคล
ขอนแก่น,วัดสระแก้ว
ขอนแก่น,วัดสระทอง
ขอนแก่น,วัดท่าเกษมสามัคคี
ขอนแก่น,วัดทุ่งสว่าง
ขอนแก่น,วัดบูรพาราม
ขอนแก่น,วัดอิสาณ
ขอนแก่น,วัดอุทัย
ขอนแก่น,วัดอุทุมพร
ขอนแก่น,วัดท่าน้ำพอง
ขอนแก่น,วัดทุ่งสว่าง
ขอนแก่น,วัดโนนสระบัว
ขอนแก่น,วัดโพธิ์ชัย
ขอนแก่น,วัดสว่างอรุณ
ขอนแก่น,วัดสีลาขันธุ์
ขอนแก่น,วัดหรคุณ
ขอนแก่น,วัดนวการาม
ขอนแก่น,วัดโนนกลาง
ขอนแก่น,วัดโพธิ์ชัย
ขอนแก่น,วัดโพธิ์ศรี
ขอนแก่น,วัดโพนทอง
ขอนแก่น,วัดศรีบุญเรือง
ขอนแก่น,วัดศรีสุมังค์วนาราม
ขอนแก่น,วัดศรีสุวรรณพรหมวราราม
ขอนแก่น,วัดสิลาอาสน์
ขอนแก่น,วัดใหม่สามัคคีธรรม
ขอนแก่น,วัดกู่ประภาชัย
ขอนแก่น,วัดจอมมณี
ขอนแก่น,วัดบูรพาภิรมยาราม
ขอนแก่น,วัดพังคียาราม
ขอนแก่น,วัดโพธิ์ชัย
ขอนแก่น,วัดสว่างแสงอรุณ
ขอนแก่น,วัดสามัคคีวิทยาราม
ขอนแก่น,วัดกลางอรัญเขต
ขอนแก่น,วัดเจติยภูมิ
ขอนแก่น,วัดชัยสว่าง
ขอนแก่น,วัดศรีชมชื่น
ขอนแก่น,วัดศรีสุมังค์
ขอนแก่น,วัดสว่างอารมณ์
ขอนแก่น,วัดสองคอน
ขอนแก่น,วัดบ้านโสกม่วง
ขอนแก่น,วัดบ้านโสกม่วง
ขอนแก่น,วัดพิทักษ์ธรรมาราม
ขอนแก่น,วัดคำใหญ่
ขอนแก่น,วัดชุมพร
ขอนแก่น,วัดบริบูรณ์
ขอนแก่น,วัดบ้านคำใหญ่
ขอนแก่น,วัดโพธิ์ชัย
ขอนแก่น,วัดเลียบ
ขอนแก่น,วัดชัยศรี
ขอนแก่น,วัดพิชัยพัฒนาราม
ขอนแก่น,วัดวิชัยยาราม
ขอนแก่น,วัดศิลาอาสน์
ขอนแก่น,วัดเกาะแก้ว
ขอนแก่น,วัดคำบง
ขอนแก่น,วัดศรีชมชื่น
ขอนแก่น,วัดศรีนวน
ขอนแก่น,วัดสระแก้ว
ขอนแก่น,วัดสระทรงศิลา
ขอนแก่น,วัดสำราญนาศรี
ขอนแก่น,วัดสุริยะสว่าง
ขอนแก่น,วัดอัมพวัน
ขอนแก่น,วัดธาตุจอมศรี
ขอนแก่น,วัดบึงพลานชัย
ขอนแก่น,วัดพลับพลาชัย
ขอนแก่น,วัดสระชัย
ขอนแก่น,วัดหนองกุง
ขอนแก่น,วัดหนองนกเขียน
ขอนแก่น,วัดป่าบึงเป่ง
ขอนแก่น,วัดคำมืด
ขอนแก่น,วัดป่าบึงถุงเทียว
ขอนแก่น,วัดศรีปทุมวนาราม
ขอนแก่น,วัดหินกองน้อย
ขอนแก่น,วัดซำขามถ้ำยาว
ขอนแก่น,วัดป่าคำบอน
ขอนแก่น,วัดมหาชัย
ขอนแก่น,วัดมหาวันวิหาร
ขอนแก่น,วัดเขาดินวนาราม
ขอนแก่น,วัดป่าโนนสวรรค์
ขอนแก่น,วัดโนนศิลา
ขอนแก่น,วัดสว่างโพธิ์ชัย
ขอนแก่น,วัดศรีสว่างโนนแดงใหญ่
ขอนแก่น,วัดราษฏร์สามัคคี
ขอนแก่น,วัดอัมพวัน
ขอนแก่น,วัดสระบัวรอง
ขอนแก่น,วัดอรัญญวาส
ขอนแก่น,วัดบุตรสิมวราราม
ขอนแก่น,วัดสว่างโนนแดง
ขอนแก่น,วัดหงษ์สาวดี
ขอนแก่น,วัดปทุมเทพาราม
ขอนแก่น,วัดศรีสุธรรม
ขอนแก่น,วัดแจ้งศิริ
ขอนแก่น,วัดมหาปราสาทเขมาภิรตาราม
ขอนแก่น,วัดศรีประชาสรรค์
ขอนแก่น,วัดอรัญญวาส
ขอนแก่น,วัดนารานิวาส
ขอนแก่น,วัดอัมพวนาราม
ขอนแก่น,วัดสว่างน้ำใส
ขอนแก่น,วัดสว่างโนนงาม
ขอนแก่น,วัดสามัคคีธรรมบุญเรือง
ขอนแก่น,วัดวิสุทธิการาม
ขอนแก่น,วัดศรีบุญเรือง
ขอนแก่น,วัดเทพาราม
ขอนแก่น,วัดเทพนิมิต
ขอนแก่น,วัดอัมพาราม
ขอนแก่น,วัดแก้วกู่ชัยมงคล
ขอนแก่น,วัดสีหนาทาราม
ขอนแก่น,วัดราชศรัทธาสามัคคี
ขอนแก่น,วัดสะอาดบุญญาราม
ขอนแก่น,วัดป่าเรไลย์
ขอนแก่น,วัดรักขิตมณีวัลย์
ขอนแก่น,วัดสว่างธรรมาราม
ขอนแก่น,วัดป่านิโคธารา
ขอนแก่น,วัดระหอกโพ
ขอนแก่น,วัดป่าสามัคคีธรรมาราม
ขอนแก่น,วัดศรีสง่าวณาราม
ขอนแก่น,วัดศิริธรรมมงคล
ขอนแก่น,วัดป่าดอนเจ้าปู่ตา
ขอนแก่น,วัดป่าสามัคคีทรงธรรม
ขอนแก่น,วัดป่าสาคร
ขอนแก่น,วัดป่าสันติวนาราม
ขอนแก่น,วัดป่าภูเขาดิน
ขอนแก่น,วัดแคนเหนือ
ขอนแก่น,วัดธรรมเจดีย์
ขอนแก่น,วัดศรีมหาโพธิ์
ขอนแก่น,วัดสว่างจูมทอง
ขอนแก่น,วัดสว่างอารมณ์
ขอนแก่น,วัดเหล่าหลวง
ขอนแก่น,วัดฉัททันต์
ขอนแก่น,วัดเวฬุวัน
ขอนแก่น,วัดศรีจันทร์
ขอนแก่น,วัดศรีชุมพล
ขอนแก่น,วัดศรีบุญนาค
ขอนแก่น,วัดศรีไพรวรรณ
ขอนแก่น,วัดสว่างสำราญ
ขอนแก่น,วัดสว่างอารมณ์
ขอนแก่น,วัดสะอาดชัยศรี
ขอนแก่น,วัดสะอาดชัยศรี
ขอนแก่น,วัดอุ่มลอง
ขอนแก่น,วัดโนนทอง
ขอนแก่น,วัดพิมลธรรมาราม
ขอนแก่น,วัดศรีสุมังค์
ขอนแก่น,วัดสระจันทร์
ขอนแก่น,วัดเสนชัยดาประสิทธิ์
ขอนแก่น,วัดอรัญญาวาส
ขอนแก่น,วัดจันทรประสิทธิ์
ขอนแก่น,วัดนันทพิมพาราม
ขอนแก่น,วัดป่าพุทธชัยมงคล
ขอนแก่น,วัดมะพร้าวกิ่งโพธิ์ศรี
ขอนแก่น,วัดสว่างโนนเพียง
ขอนแก่น,วัดสุทธิการาม
ขอนแก่น,วัดหนองแวงโอง
ขอนแก่น,วัดโพธิ์กลาง
ขอนแก่น,วัดโพธิ์ชัยบ้านไผ่
ขอนแก่น,วัดสมุหนาถราม
ขอนแก่น,วัดสว่างทุ่งมน
ขอนแก่น,วัดสวาท
ขอนแก่น,วัดสะอาดโนนงาม
ขอนแก่น,วัดสามัคคี
ขอนแก่น,วัดหนองกุง
ขอนแก่น,วัดใหม่สามัคคี
ขอนแก่น,วัดเอี่ยมไพบูลย์
ขอนแก่น,วัดจอมศรี
ขอนแก่น,วัดจำปา
ขอนแก่น,วัดมัชฌิมวิทยาราม
ขอนแก่น,วัดสว่างเวหา
ขอนแก่น,วัดสุภีสีวราราม
ขอนแก่น,วัดพุทธรังษี
ขอนแก่น,วัดศรีชมภู
ขอนแก่น,วัดศิริทรงธรรม
ขอนแก่น,วัดสวรรค์
ขอนแก่น,วัดสุทธาวาส
ขอนแก่น,วัดจันทริการาม
ขอนแก่น,วัดดุสิตาราม
ขอนแก่น,วัดศิริชัยมงคล
ขอนแก่น,วัดศิริมงคล
ขอนแก่น,วัดสว่างอารมณ์
ขอนแก่น,วัดจำปา
ขอนแก่น,วัดหนองหญ้าปล้อง
ขอนแก่น,วัดอรัญญาวาส
ขอนแก่น,วัดเขมาภิรมณ์
ขอนแก่น,วัดโพธิ์ชัย
ขอนแก่น,วัดโพธิ์ตาก
ขอนแก่น,วัดมงคลหลวง
ขอนแก่น,วัดอุตตมวารี
ขอนแก่น,วัดจุมพร
ขอนแก่น,วัดชัยมงคล
ขอนแก่น,วัดธรณีธงชัย
ขอนแก่น,วัดสุมังคลาราม
ขอนแก่น,วัดกิโลเมตรสิบหก
ขอนแก่น,วัดโนนทอง
ขอนแก่น,วัดบูรพาราม
ขอนแก่น,วัดโพธิ์ชัย
ขอนแก่น,วัดโพธิ์ตาก
ขอนแก่น,วัดสว่าง
ขอนแก่น,วัดสว่างชัยศรี
ขอนแก่น,วัดสว่างโนนชัย
ขอนแก่น,วัดหนองนกเขียน
ขอนแก่น,วัดบูรณะสิทธิ์
ขอนแก่น,วัดศรีบุญเรือง
ขอนแก่น,วัดสนวนวารีพัฒนาราม
ขอนแก่น,วัดสุดาราษฏร์วราราม
ขอนแก่น,วัดธรรมวิเวกประชาสรรค์
ขอนแก่น,วัดป่าอาสภาวาส
ขอนแก่น,วัดพรหมวิหารริการาม
ขอนแก่น,วัดศรีจันทร์
ขอนแก่น,วัดศรีบุญเรือง
ขอนแก่น,วัดหินตั้ง
ขอนแก่น,วัดอมรบูรญาราม
ขอนแก่น,วัดคุ้มจัดสรรค์
ขอนแก่น,วัดป่าชัยวารินทร์
ขอนแก่น,วัดป่าสุมนามัย
ขอนแก่น,วัดบุญเรือง
ขอนแก่น,วัดป่าวิเวกธรรมสามัคคี
ขอนแก่น,วัดสาทรอักขราราม
ขอนแก่น,วัดธรรมมงคล
ขอนแก่น,วัดสว่างสุริยาเย็น
ขอนแก่น,วัดหนองฮี
ขอนแก่น,วัดโพธิ์สาริการาม
ขอนแก่น,วัดศรีพนาวาส
ขอนแก่น,วัดสว่างอารมณ์
ขอนแก่น,วัดสุนทรสมุทร์
ขอนแก่น,วัดตลาดโพธิ์ศรี
ขอนแก่น,วัดทุ่งสว่าง
ขอนแก่น,วัดระฆัง
ขอนแก่น,วัดสมบูรณ์
ขอนแก่น,วัดดอนจันทร์
ขอนแก่น,วัดโนนศรีเรือง
ขอนแก่น,วัดบูรพาราม
ขอนแก่น,วัดสมบูรณ์
ขอนแก่น,วัดสระแก้ว
ขอนแก่น,วัดชนบำรุง
ขอนแก่น,วัดแท่น
ขอนแก่น,วัดนาฬิการาม
ขอนแก่น,วัดโพธิ์ชัย
ขอนแก่น,วัดโพธิ์ตาล
ขอนแก่น,วัดโพนเลา
ขอนแก่น,วัดสระบัว
ขอนแก่น,วัดสามสวน
ขอนแก่น,วัดอาภาวาส
ขอนแก่น,วัดคลองสะอาด
ขอนแก่น,วัดตลาดหัวหิน
ขอนแก่น,วัดศรีบาลเรือง
ขอนแก่น,วัดศรีรัตนาราม
ขอนแก่น,วัดโพธิ์ดก
ขอนแก่น,วัดศรีชมภู
ขอนแก่น,วัดสว่างธรรมวราราม
ขอนแก่น,วัดอัมพวนาราม
ขอนแก่น,วัดเกาะแก้ว
ขอนแก่น,วัดโคกสามารถ
ขอนแก่น,วัดท่าประชุม
ขอนแก่น,วัดวังเย็น
ขอนแก่น,วัดศิริธรรม
ขอนแก่น,วัดโสกม่วงสามัคคี
ขอนแก่น,วัดศรีประทุมวนาราม
ขอนแก่น,วัดบ้านค้อ
ขอนแก่น,วัดสังเวชธรรมาราม
ขอนแก่น,วัดคีรีวัน
ขอนแก่น,วัดเลียบโพธิ์ทอง บ้านวังผือ
ขอนแก่น,วัดชัยสวาสดิ์
ขอนแก่น,วัดนาเลา
ขอนแก่น,วัดมาลา
ขอนแก่น,วัดศรีหงษ์ทอง
ขอนแก่น,วัดอิสานโพธิ์ทอง
ขอนแก่น,วัดศรีชัยยาราม
ขอนแก่น,วัดนันทาราม
ขอนแก่น,วัดธาตุกู่ทอง
ขอนแก่น,วัดโพธิ์ชัยสามขา
ขอนแก่น,วัดศรีสมพร
ขอนแก่น,วัดศรีสว่างวงษ์
ขอนแก่น,วัดสิงห์ทอง
ขอนแก่น,วัดโชติการาม
ขอนแก่น,วัดฤๅษี
ขอนแก่น,วัดศรีสุมังค์
ขอนแก่น,วัดอัมพวัน
ขอนแก่น,วัดแจ้งอรุณศิลป์
ขอนแก่น,วัดโพธิ์ศรี
ขอนแก่น,วัดสายทอง
ขอนแก่น,วัดอุดรมีชัย)
ขอนแก่น,วัดป่าเก่าค้อ
ขอนแก่น,วัดเจดีย์
ขอนแก่น,วัดสระเกษ
ขอนแก่น,วัดสระโนน
ขอนแก่น,วัดจันทราคม
ขอนแก่น,วัดดงกลาง
ขอนแก่น,วัดดาวดึงษ์
ขอนแก่น,วัดสว่างวนาราม
ขอนแก่น,วัดบริบูรณ์
ขอนแก่น,วัดศรีวิชัย
ขอนแก่น,วัดหัวบึง
ขอนแก่น,วัดไชโย
ขอนแก่น,วัดเถาวัลย์
ขอนแก่น,วัดธงชัย
ขอนแก่น,วัดป่าโนนบ่อ
ขอนแก่น,วัดป่าเรไรย์
ขอนแก่น,วัดพระเนาว์ศรี
ขอนแก่น,วัดสมสะอาด
ขอนแก่น,วัดสว่างจันทร์
ขอนแก่น,วัดสุทธิมงคล
ขอนแก่น,วัดจอมศรีมุนี
ขอนแก่น,วัดธัญญาสมจิตร
ขอนแก่น,วัดโพธาราม
ขอนแก่น,วัดศรีตาล
ขอนแก่น,วัดสว่างแวงฮี
ขอนแก่น,วัดป่าหนองหญ้าข้าวนก
ขอนแก่น,วัดศรีสุธรรม
ขอนแก่น,วัดสระแก้ว
ขอนแก่น,วัดชัยประสิทธิ์
ขอนแก่น,วัดถาวร
ขอนแก่น,วัดเวฬุวัน
ขอนแก่น,วัดศรีประสิทธิ์
ขอนแก่น,วัดแสงจันทร์
ขอนแก่น,วัดแสงธรรม
ขอนแก่น,วัดโชติการาม
ขอนแก่น,วัดนาวาสวัสดิ์
ขอนแก่น,วัดนิลวรรณ
ขอนแก่น,วัดวาฬุการาม
ขอนแก่น,วัดศรีชมพู
ขอนแก่น,วัดศรีสว่าง
ขอนแก่น,วัดสีสะปาวัน
ขอนแก่น,วัดครองธรรมมิการาม
ขอนแก่น,วัดชลขันธ์
ขอนแก่น,วัดบูรณาราม
ขอนแก่น,วัดบูรพาราม
ขอนแก่น,วัดมงคลธานี
ขอนแก่น,วัดศรีบวร
ขอนแก่น,วัดสิงห์ทอง
ขอนแก่น,วัดไทยสถิตย์
ขอนแก่น,วัดธงชัย
ขอนแก่น,วัดประทุมวัน
ขอนแก่น,วัดศรีสง่า
ขอนแก่น,วัดสว่างอารมย์
ขอนแก่น,วัดสามัคคี
ขอนแก่น,วัดสุคนธาวาส
ขอนแก่น,วัดกุสวนาราม
ขอนแก่น,วัดชุมพลบุรี
ขอนแก่น,วัดมิ่งเมืองพลาราม
ขอนแก่น,วัดศรีบุญเรือง
ขอนแก่น,วัดสีหมงคล
ขอนแก่น,วัดจันทรังษี
ขอนแก่น,วัดพรหมวาสี
ขอนแก่น,วัดโพธาราม
ขอนแก่น,วัดสว่างทุ่งน้อย
ขอนแก่น,วัดสามัคคีธรรม
ขอนแก่น,วัดสุวรรณาราม
ขอนแก่น,วัดอัมพร
ขอนแก่น,วัดอุทัยธรรม
ขอนแก่น,วัดศรีหงษ์ทอง
ขอนแก่น,วัดสุภนิมิตร
ขอนแก่น,วัดอโสการาม
ขอนแก่น,วัดนิโรธาราม
ขอนแก่น,วัดเนกขัมมาภิรมย์
ขอนแก่น,วัดศรีวิไล
ขอนแก่น,วัดชมพูพฤกษ์
ขอนแก่น,วัดศรีทอง
ขอนแก่น,วัดสะอาด
ขอนแก่น,วัดอัมพวัน
ขอนแก่น,วัดอัมพาวาส
ขอนแก่น,วัดโคกกุง
ขอนแก่น,วัดศิริชัย
ขอนแก่น,วัดแสงสุวรรณ
ขอนแก่น,วัดอัมพรมะติตถาราม
ขอนแก่น,วัดอินทร์แปลง
ขอนแก่น,วัดไทยบำรุง
ขอนแก่น,วัดมาลัยจันทร์
ขอนแก่น,วัดโนนทัน
ขอนแก่น,วัดศรีเมืองพล
ขอนแก่น,วัดสระจันทร์
ขอนแก่น,วัดป่าสุริยาเย็น
ขอนแก่น,วัดจันทรัตนาราม
ขอนแก่น,วัดสันติธรรม
ขอนแก่น,วัดท่าสองคอน
ขอนแก่น,วัดสว่างยางคำ
ขอนแก่น,วัดสว่างอารมณ์
ขอนแก่น,วัดสะเคียนทอง
ขอนแก่น,วัดเฉลียงทอง
ขอนแก่น,วัดบัวสีมา
ขอนแก่น,วัดสามัคคีธรรม
ขอนแก่น,วัดเขาสามยอด
ขอนแก่น,วัดท่ากระบือ
ขอนแก่น,วัดป่ามะนาวศรี
ขอนแก่น,วัดราษฎร์ศรัทธาธรรม
ขอนแก่น,วัดศิลาดาษ
ขอนแก่น,วัดดงสะคร่าน
ขอนแก่น,วัดภูเขาวง
ขอนแก่น,วัดซำภูทอง
ขอนแก่น,วัดห้วยซ้อ
ขอนแก่น,วัดห้วยซ้อ
ขอนแก่น,วัดโนนศิลา
ขอนแก่น,วัดป่าสุขิตาราม
ขอนแก่น,วัดโพธิ์งาม
ขอนแก่น,วัดสว่างเลิงแสง
ขอนแก่น,วัดสามัคคี
ขอนแก่น,วัดสำราญ
ขอนแก่น,วัดทุ่งสว่าง
ขอนแก่น,วัดโนนงาม
ขอนแก่น,วัดโนนรัง
ขอนแก่น,วัดโพธยาวาส
ขอนแก่น,วัดโพธิ์ศรีวราราม
ขอนแก่น,วัดโพนแพง
ขอนแก่น,วัดศรีชมภู
ขอนแก่น,วัดจอมมณี
ขอนแก่น,วัดจันทมงคล
ขอนแก่น,วัดบรมวาส
ขอนแก่น,วัดประทุมวัน
ขอนแก่น,วัดสว่างวนาวาส
ขอนแก่น,วัดจันทร์เขมาราม
ขอนแก่น,วัดบ้านบ่อ
ขอนแก่น,วัดโพธิ์ศรี
ขอนแก่น,วัดศรีประทุม
ขอนแก่น,วัดสว่างโพนงาม
ขอนแก่น,วัดท่าเดื่อ
ขอนแก่น,วัดบูรพา
ขอนแก่น,วัดทองประสิทธิ์
ขอนแก่น,วัดธานี
ขอนแก่น,วัดโพนทองดอนไข
ขอนแก่น,วัดสว่างอรุณ
ขอนแก่น,วัดศิริมงคล
ขอนแก่น,วัดสว่างวิทยาราม
ขอนแก่น,วัดนายมวนาราม
ขอนแก่น,วัดโนนงาม
ขอนแก่น,วัดโนนสะอาด
ขอนแก่น,วัดศรีชมพู
ขอนแก่น,วัดสะพานยาว
ขอนแก่น,วัดหนองดู่
ขอนแก่น,วัดใหม่ศรีสำราญ
ขอนแก่น,วัดศรีบุญเรือง
ขอนแก่น,วัดศรีโพธิ์ชัย
ขอนแก่น,วัดสว่างโนนรัง
ขอนแก่น,วัดสว่างอารมณ์
ขอนแก่น,วัดโพธิ์ชัย
ขอนแก่น,วัดมิ่งเมืองพัฒนาราม
ขอนแก่น,วัดวารินทร์
ขอนแก่น,วัดศรีชมชื่น
ขอนแก่น,วัดศรีบุญเรือง
ขอนแก่น,วัดสระแก้ว
ขอนแก่น,วัดสว่างแสงจันทร์
ขอนแก่น,วัดสันติวนาราม
ขอนแก่น,วัดนาโหล่ง
ขอนแก่น,วัดพลแพง
ขอนแก่น,วัดสามัคคีวุฒิธรรม
ขอนแก่น,วัดหนองนาคำ
ขอนแก่น,วัดชัยมงคล
ขอนแก่น,วัดชัยมงคล
ขอนแก่น,วัดโพธิ์กลาง
ขอนแก่น,วัดสงเปลือย
ขอนแก่น,วัดทามเรืองศรี
ขอนแก่น,วัดแท่นศิลา
ขอนแก่น,วัดศรีสะอาด
ขอนแก่น,วัดสว่างหนองกุง
ขอนแก่น,วัดโสภารัตนาราม
ขอนแก่น,วัดแก้วสว่าง
ขอนแก่น,วัดโนนสวรรค์
ขอนแก่น,วัดทวีวัฒนาราม
ขอนแก่น,วัดโพธิ์สว่าง
ขอนแก่น,วัดศิริรัตนาวาส
ขอนแก่น,วัดศิริวิทยาราม
ขอนแก่น,วัดสว่างโนนรัง
ขอนแก่น,วัดสว่างอารมณ์
ขอนแก่น,วัดหนองกุงธนสาร
ขอนแก่น,วัดพระบาทโพธาราม
ขอนแก่น,วัดศิลา
ขอนแก่น,วัดอัมพวัน
ขอนแก่น,วัดสวรรค์คงคา
ขอนแก่น,วัดสุทธิธรรมวนาราม
ขอนแก่น,วัดศิลาอาสน์
ขอนแก่น,วัดอาคเนย์
ขอนแก่น,วัดโพธิการาม
ขอนแก่น,วัดศรีชุมแสง
ขอนแก่น,วัดศรีสะอาด
ขอนแก่น,วัดศรีราษฏร์บำรุง
ขอนแก่น,วัดบ้านดอนหัน
ขอนแก่น,วัดใหม่สุขสันต์
ขอนแก่น,วัดจันทราราม
ขอนแก่น,วัดทรงศิลา
ขอนแก่น,วัดศรีบุญเรือง
ขอนแก่น,วัดอรัญญิกาวาส
ขอนแก่น,วัดบริบูรณ์วราราม
ขอนแก่น,วัดสันติการาม
ขอนแก่น,วัดเกษมสำราญ
ขอนแก่น,วัดป่าสิริสมบัติ
ขอนแก่น,วัดป่าบ้านโป่งสังข์
ขอนแก่น,วัดป่าวิเวการาม
ขอนแก่น,วัดตระคลอง
ขอนแก่น,วัดโพธิ์กลาง
ขอนแก่น,วัดโพธิ์ทอง
ขอนแก่น,วัดโพธิ์หอม
ขอนแก่น,วัดสระทอง
ขอนแก่น,วัดแก้วพวงมาลัย
ขอนแก่น,วัดคำมูล
ขอนแก่น,วัดชมภู
ขอนแก่น,วัดชมภูคำ
ขอนแก่น,วัดไชโย
ขอนแก่น,วัดศรีสว่าง
ขอนแก่น,วัดศรีสิทธิ์
ขอนแก่น,วัดศรีสุข
ขอนแก่น,วัดศรีสุมังคล์
ขอนแก่น,วัดฉิมพลี
ขอนแก่น,วัดชนะชัย
ขอนแก่น,วัดทุ่งสว่าง
ขอนแก่น,วัดโนนสว่าง
ขอนแก่น,วัดโนนสะอาด
ขอนแก่น,วัดสว่างดงเค็ง
ขอนแก่น,วัดสว่างดารา
ขอนแก่น,วัดอัมพวัน
ขอนแก่น,วัดโนนทอง
ขอนแก่น,วัดโนนทัน
ขอนแก่น,วัดโนนศิลา
ขอนแก่น,วัดโพธิชัย
ขอนแก่น,วัดโพธิ์ศรี
ขอนแก่น,วัดศรีจันทร์
ขอนแก่น,วัดสมบูรณ์
ขอนแก่น,วัดสวัสดี
ขอนแก่น,วัดสว่างอารมณ์
ขอนแก่น,วัดสะอาด
ขอนแก่น,วัดสิงห์ทอง
ขอนแก่น,วัดตลาดคลอง
ขอนแก่น,วัดนามล
ขอนแก่น,วัดโนนแดง
ขอนแก่น,วัดโพธิ์ทอง
ขอนแก่น,วัดสามัคคีธรรม
ขอนแก่น,วัดสุวรรณาราม
ขอนแก่น,วัดพุทธบาตรรัตนคีรี
ขอนแก่น,วัดคงคาราม
ขอนแก่น,วัดท่าแขก
ขอนแก่น,วัดศรีนวล
ขอนแก่น,วัดศรีบุญเรือง
ขอนแก่น,วัดศิลาธรรมิการาม
ขอนแก่น,วัดสระเกษ
ขอนแก่น,วัดสะอาด
ขอนแก่น,วัดอรัญญี
ขอนแก่น,วัดขนุนโพธิ์
ขอนแก่น,วัดทุ่งสว่าง
ขอนแก่น,วัดศรีนวล
ขอนแก่น,วัดศรีสุมังคล์
ขอนแก่น,วัดสระเกษ
ขอนแก่น,วัดสระบัว
ขอนแก่น,วัดอรุณเรืองวนาราม
ขอนแก่น,วัดไทรทอง
ขอนแก่น,วัดบ่อแก้ว
ขอนแก่น,วัดปทุมวัน
ขอนแก่น,วัดศรีบุญเรือง
ขอนแก่น,วัดสถาพร
ขอนแก่น,วัดสะอาด
ขอนแก่น,วัดสะอาด
ขอนแก่น,วัดบ้านโจด
ขอนแก่น,วัดคำแคนเหนือ
ขอนแก่น,วัดอุดมคงคาคีรีเขต
ขอนแก่น,วัดหนองไฮ
ขอนแก่น,วัดโคกสว่าง
ขอนแก่น,วัดป่าสันติธรรม
ขอนแก่น,วัดป่าอรัญญวิเวก
ขอนแก่น,วัดชัยแสงอรุณทอง
ขอนแก่น,วัดท่ายางชุม
ขอนแก่น,วัดโพธาราม
ขอนแก่น,วัดโพธิ์ศรีธาราม
ขอนแก่น,วัดศรีฐาน
ขอนแก่น,วัดศิริธรรมิกาวาส
ขอนแก่น,วัดจันทรังษี
ขอนแก่น,วัดน้ำค้าง
ขอนแก่น,วัดปทุมแพงศรี
ขอนแก่น,วัดยอดแก้ว
ขอนแก่น,วัดศรีสุก
ขอนแก่น,วัดสายราษฎร์บำรุง
ขอนแก่น,วัดกู่ประชาสามัคคีบ้านอ้อ
ขอนแก่น,วัดท่าชลาวาส
ขอนแก่น,วัดท่าแร่
ขอนแก่น,วัดนวลจันทร์
ขอนแก่น,วัดบึงบาล
ขอนแก่น,วัดโพธิ์บัลลังก์
ขอนแก่น,วัดม่วง
ขอนแก่น,วัดสว่างมโน
ขอนแก่น,วัดสว่างมรรค
ขอนแก่น,วัดอรัญญาวาส
ขอนแก่น,วัดทรายมูล
ขอนแก่น,วัดป่าหนองหลุบ
ขอนแก่น,วัดศรีดอนกลาง
ขอนแก่น,วัดสระมงคล
ขอนแก่น,วัดสว่างพิทยา
ขอนแก่น,วัดถาวร
ขอนแก่น,วัดท่าพระเนาว์
ขอนแก่น,วัดท่าพระหงษ์เทศประดิษฐ์
ขอนแก่น,วัดเทพปูรณาราม
ขอนแก่น,วัดโนนสูง
ขอนแก่น,วัดภูมิหลักฐาน
ขอนแก่น,วัดศิริมงคล
ขอนแก่น,วัดสมัคคาราม
ขอนแก่น,วัดสุทธิสังวรณ์
ขอนแก่น,วัดหนองโข่ย
ขอนแก่น,วัดศรีแก้ว
ขอนแก่น,วัดกลาง
ขอนแก่น,วัดจอมศรี
ขอนแก่น,วัดตราชูวนาราม
ขอนแก่น,วัดโพธิ์
ขอนแก่น,วัดมรรคสำราญ
ขอนแก่น,วัดวุฒาราม
ขอนแก่น,วัดศรีธาตุ
ขอนแก่น,วัดศรีนวล
ขอนแก่น,วัดศรีสว่างโนนทัน
ขอนแก่น,วัดท่ามะเดื่อ
ขอนแก่น,วัดโนนศิลา
ขอนแก่น,วัดบ้านโนนศรีเรือง
ขอนแก่น,วัดโพธิ์งาม
ขอนแก่น,วัดโพธิ์ศรี
ขอนแก่น,วัดรัตนาราม
ขอนแก่น,วัดวิจารณาราม
ขอนแก่น,วัดสมศรี
ขอนแก่น,วัดสำราญ
ขอนแก่น,วัดอาภาราม
ขอนแก่น,วัดโฆสิตาราม
ขอนแก่น,วัดโนนขาม
ขอนแก่น,วัดโพธิ์กลาง
ขอนแก่น,วัดมณฑป
ขอนแก่น,วัดยอดแก้ว
ขอนแก่น,วัดศรีชมชื่น
ขอนแก่น,วัดศรีบุญเรือง
ขอนแก่น,วัดศรีโพธิ์ทอง
ขอนแก่น,วัดกองศรี
ขอนแก่น,วัดท่าบึง
ขอนแก่น,วัดไทรทอง
ขอนแก่น,วัดศรีสะอาด
ขอนแก่น,วัดศรีอาราม
ขอนแก่น,วัดสระแก้ว
ขอนแก่น,วัดสระทอง
ขอนแก่น,วัดตะคลองสีผึ้ง
ขอนแก่น,วัดโพธิ์ชัย
ขอนแก่น,วัดโพธิ์ทอง
ขอนแก่น,วัดศรีภูมิเรือง
ขอนแก่น,วัดศรีวนาวาส
ขอนแก่น,วัดสามัคคี
ขอนแก่น,วัดดอนแก้ว
ขอนแก่น,วัดตาลเรียง
ขอนแก่น,วัดไตรประสิทธิ์
ขอนแก่น,วัดท่าประชุม
ขอนแก่น,วัดท่าประทาย
ขอนแก่น,วัดท่าเรียบ
ขอนแก่น,วัดท่าสองคร
ขอนแก่น,วัดโพธิ์ชัย
ขอนแก่น,วัดโพธิ์นิมิตร
ขอนแก่น,วัดสว่างชัยศรี
ขอนแก่น,วัดสว่างโพธิ์ชัย
ขอนแก่น,วัดสว่างอารมณ์
ขอนแก่น,วัดกลางบุรี
ขอนแก่น,วัดท่าราชไชยศรี
ขอนแก่น,วัดธาตุกุดกว้าง
ขอนแก่น,วัดสว่างศรีวิชัย
ขอนแก่น,วัดหัวหิน
ขอนแก่น,วัดเกษรวนาราม
ขอนแก่น,วัดจุณณะปิยะวนาวาส
ขอนแก่น,วัดท่าโพธิ์
ขอนแก่น,วัดท่าราษฎร์
ขอนแก่น,วัดนาถวนาราม
ขอนแก่น,วัดป่ามหาวนาราม
ขอนแก่น,วัดโพธิ์ศรี
ขอนแก่น,วัดม่วงศรี
ขอนแก่น,วัดสรรค์วนาราม
ขอนแก่น,วัดสระแก้ว
ขอนแก่น,วัดสว่างสุทธาราม
ขอนแก่น,วัดอดุลแก้วมอดี
ขอนแก่น,วัดไชยศรี
ขอนแก่น,วัดดวงจันทราราม
ขอนแก่น,วัดเทพสุวรรณ
ขอนแก่น,วัดไทรงาม
ขอนแก่น,วัดบูรพาทิศ
ขอนแก่น,วัดป่าสามัคคีธรรม
ขอนแก่น,วัดโพธิ์ชัย
ขอนแก่น,วัดราษฎร์สังขรณ์
ขอนแก่น,วัดศรีชมบาล
ขอนแก่น,วัดศรีบุญเรือง
ขอนแก่น,วัดสระแก้ว
ขอนแก่น,วัดสำราญ
ขอนแก่น,วัดเสมอภาพ
ขอนแก่น,วัดจอมศรี
ขอนแก่น,วัดชัยสิทธิ์
ขอนแก่น,วัดไตรคามบำรุง
ขอนแก่น,วัดทรายบึงสำราญ
ขอนแก่น,วัดโนนราศรี
ขอนแก่น,วัดโนนศิลา
ขอนแก่น,วัดบ้านท่อน
ขอนแก่น,วัดราชบุรี
ขอนแก่น,วัดวิจารณ์สว่างโศก
ขอนแก่น,วัดศรีสะอาด
ขอนแก่น,วัดสว่างกลางฮุง
ขอนแก่น,วัดอรัญญาสุทธาวาส
ขอนแก่น,วัดอุดม
ขอนแก่น,วัดจันทรังษี
ขอนแก่น,วัดท่ายาราม
ขอนแก่น,วัดธาตุสว่าง
ขอนแก่น,วัดศรีชล
ขอนแก่น,วัดสุนทโรวาส
ขอนแก่น,วัดหนองตูม
ขอนแก่น,วัดอรุณวราราม
ขอนแก่น,วัดเกาะทอง
ขอนแก่น,วัดสว่างศรีวิลัย
ขอนแก่น,วัดป่าหนองค้า
ขอนแก่น,วัดโนนชัยวนาราม
ขอนแก่น,วัดป่าชัยวัน
ขอนแก่น,วัดป่าศิริวันวนาราม
ขอนแก่น,วัดป่าอดุลยาราม
ขอนแก่น,วัดวิเวกธรรม
ขอนแก่น,วัดป่าอภัยวัน
ขอนแก่น,วัดป่าอรัญญาวาสี
ขอนแก่น,วัดป่ารัตนาราม
ขอนแก่น,วัดป่าแสงอรุณ
ขอนแก่น,วัดมิ่งโพธิ์วนาราม
ขอนแก่น,วัดสมศรี
ขอนแก่น,วัดสว่างหนองไฮ
ขอนแก่น,วัดโนนม่วง
ขอนแก่น,วัดป่ารัตนมงคล
ขอนแก่น,วัดป่าเรไร
ขอนแก่น,วัดสว่างดอนยาง
ขอนแก่น,วัดหนองห้าง
ขอนแก่น,วัดเกาะศิริ
ขอนแก่น,วัดจิตวิเวก
ขอนแก่น,วัดจุมพล
ขอนแก่น,วัดพรมประสิทธิ์
ขอนแก่น,วัดมหาวัน
ขอนแก่น,วัดวิชัยชนาราม
ขอนแก่น,วัดโสกสว่างอารมณ์
ขอนแก่น,วัดคันธามวัน
ขอนแก่น,วัดพุทธาวาส
ขอนแก่น,วัดไพบูลย์
ขอนแก่น,วัดมัคคาลัย
ขอนแก่น,วัดสุนทราวาส
ขอนแก่น,วัดทรงศิลา
ขอนแก่น,วัดนิเวศวิทยาราม
ขอนแก่น,วัดสุทธังคณาวาส
ขอนแก่น,วัดอุทัยประสิทธิ์
ขอนแก่น,วัดเทวราช
ขอนแก่น,วัดไทยนิยม
ขอนแก่น,วัดบุพพาราม
ขอนแก่น,วัดโพธิ์เย็น
ขอนแก่น,วัดมุจจลินทร์
ขอนแก่น,วัดศรีสวัสดิ์
ขอนแก่น,วัดใหม่ไตรมิตรวราราม
ขอนแก่น,วัดชุมพร
ขอนแก่น,วัดท่าละหาน
ขอนแก่น,วัดโนนทองหลาง
ขอนแก่น,วัดราษฎร์อุดม
ขอนแก่น,วัดเรไร
ขอนแก่น,วัดสารเขต
ขอนแก่น,วัดดอนศิลา
ขอนแก่น,วัดบูรณ์
ขอนแก่น,วัดป่าศรัทธาธรรม
ขอนแก่น,วัดราษฎร์บำรุง
ขอนแก่น,วัดศรีธงชัย
ขอนแก่น,วัดศิริวัน
ขอนแก่น,วัดสุวรรณาราม
ขอนแก่น,วัดอัมพวัน
ขอนแก่น,วัดทรงธรรม
ขอนแก่น,วัดโนนสัมพันธ์
ขอนแก่น,วัดพิเศษประดิษฐ
ขอนแก่น,วัดลัฎฐิวัน
ขอนแก่น,วัดแสงสว่างอารมณ์
ขอนแก่น,วัดกาญจนาราม
ขอนแก่น,วัดไพรงาม
ขอนแก่น,วัดศรีมณีธรรม
ขอนแก่น,วัดสาลวัน
ขอนแก่น,วัดสิงขรณ์
ขอนแก่น,วัดบุปผาราม
ขอนแก่น,วัดสระทอง
ขอนแก่น,วัดป่าดอนบาลไท
ขอนแก่น,วัดสระเกษ
ขอนแก่น,วัดหิมาลัย
ขอนแก่น,วัดกัทลีวัณ
ขอนแก่น,วัดจินดามณี
ขอนแก่น,วัดทรงศีล
ขอนแก่น,วัดแท่นศิลาอาสน์
ขอนแก่น,วัดนาคสงเคราะห์
ขอนแก่น,วัดบ้านโสกไผ่
ขอนแก่น,วัดมหรรณพาราม
ขอนแก่น,วัดอินทนิมิต
ขอนแก่น,วัดอโสการาม
ขอนแก่น,วัดรัตนมงคล
ขอนแก่น,วัดแสงธรรมรังษี
ขอนแก่น,วัดดอนเมือง
ขอนแก่น,วัดท่าสำราญ
ขอนแก่น,วัดศรีสำราญ
ขอนแก่น,วัดศิริธรรม
ขอนแก่น,วัดสวรรค์นาตาด
ขอนแก่น,วัดสุวรรณบรรพต
ขอนแก่น,วัดโสภณวนาราม
ขอนแก่น,วัดแจ้งสว่าง
ขอนแก่น,วัดธรรมิการาม
ขอนแก่น,วัดบึงกาญน์
ขอนแก่น,วัดโพนสูง
ขอนแก่น,วัดศรีสว่าง
ขอนแก่น,วัดศรีรัตนปรับปรุง
ขอนแก่น,วัดหันสว่าง
ขอนแก่น,วัดอรัญญาวาส
ขอนแก่น,วัดป่าแก้วโกศล
ขอนแก่น,วัดโนนศิลา
ขอนแก่น,วัดพรหมสุรินทร์
ขอนแก่น,วัดพิบูลย์
ขอนแก่น,วัดพิศาล
ขอนแก่น,วัดศรีสง่า
ขอนแก่น,วัดศิริชัยศรี
ขอนแก่น,วัดสักหลวง
ขอนแก่น,วัดตาลเดี่ยว
ขอนแก่น,วัดโพธิ์ชัย
ขอนแก่น,วัดวังมน
ขอนแก่น,วัดศรีชมชื่น
ขอนแก่น,วัดสามัคคยาราม
ขอนแก่น,วัดศรีชัยวราราม
ขอนแก่น,วัดโคกกลางสว่าง
ขอนแก่น,วัดสามัคคี
ขอนแก่น,วัดสายทอง
ขอนแก่น,วัดกลางสามัคคี
ขอนแก่น,วัดป่าหนองจองจอย
ขอนแก่น,วัดป่าหนองจองจอย
ขอนแก่น,วัดศรีแก้ว
ขอนแก่น,วัดสว่างหนองไฮ
ขอนแก่น,วัดสุวรรณรังษี
ขอนแก่น,วัดป่าสันติสุข
ขอนแก่น,วัดสว่างโนนงาม
ขอนแก่น,วัดเกาะแก้ว
ขอนแก่น,วัดโกศลภาราม
ขอนแก่น,วัดจูมพล
ขอนแก่น,วัดบึงเกษตร
ขอนแก่น,วัดสวรรคงคา
ขอนแก่น,วัดสว่างชัยศรี
ขอนแก่น,วัดสว่างโนนดู่
ขอนแก่น,วัดถาวรนิมิตร
ขอนแก่น,วัดป่าสามัคคีธรรม
ขอนแก่น,วัดโพธิ์กลาง
ขอนแก่น,วัดศรีตาลเรือง
ขอนแก่น,วัดสิมมาราม
ขอนแก่น,วัดทรายทอง
ขอนแก่น,วัดท่าอุทุมพร
ขอนแก่น,วัดโพธิ์ชัย
ขอนแก่น,วัดโพธิ์ศรี
ขอนแก่น,วัดศรีสะอาด
ขอนแก่น,วัดสระแก้ว
ขอนแก่น,วัดสระโพนทอง
ขอนแก่น,วัดสว่างศิริเย็น
ขอนแก่น,วัดหนองเขื่อนช้าง
ขอนแก่น,วัดท่ามงคล
ขอนแก่น,วัดท่ามงคล
ขอนแก่น,วัดพวงมาลัย
ขอนแก่น,วัดโพธิ์งาม
ขอนแก่น,วัดศรีชมชื่น
ขอนแก่น,วัดศรีบุญเรือง
ขอนแก่น,วัดสว่างอารมณ์
ขอนแก่น,วัดไตรมิตร
ขอนแก่น,วัดถนนยาว
ขอนแก่น,วัดประสิทธิ์ธรรมสาร
ขอนแก่น,วัดสระทอง
ขอนแก่น,วัดแสงจันทร์
ขอนแก่น,วัดชัยมงคล
ขอนแก่น,วัดตระคลองหัน
ขอนแก่น,วัดนทีตรีสถิตย์
ขอนแก่น,วัดโพธิ์ทอง
ขอนแก่น,วัดศรีบุญเรือง
ขอนแก่น,วัดศรีบุรมย์
ขอนแก่น,วัดสุนทราวาส
ขอนแก่น,วัดป่าโนนฆ้อง
ขอนแก่น,วัดโพธิ์เลียบ
ขอนแก่น,วัดรัตนสามัคคี
ขอนแก่น,วัดศรีมงคล
ขอนแก่น,วัดสว่างเชิงเขา
ขอนแก่น,วัดสิงห์ทอง
ขอนแก่น,วัดดาวเรือง
ขอนแก่น,วัดโพธิ์บวร
ขอนแก่น,วัดภูศรีสว่าง
ขอนแก่น,วัดร่มประดู่
ขอนแก่น,วัดราษฏร์รังสรรค์
ขอนแก่น,วัดเรไร
ขอนแก่น,วัดเวียงไชย
ขอนแก่น,วัดสมณมงคล
ขอนแก่น,วัดสว่างมนาวาส
ขอนแก่น,วัดแสบง
ขอนแก่น,วัดชัยมงคล
ขอนแก่น,วัดสระบัว
ขอนแก่น,วัดสวรรคคงคา
ขอนแก่น,วัดสว่างโพธิ์ศรี
ขอนแก่น,วัดสาลีวนาราม
ขอนแก่น,วัดสำราญ
ขอนแก่น,วัดตระคลองโพธิ์
ขอนแก่น,วัดตลาดหนองเรือ
ขอนแก่น,วัดโนนพานิช
ขอนแก่น,วัดศรีสงฆ์เรือง
ขอนแก่น,วัดสมจิตอาราม
ขอนแก่น,วัดสระโอภาวาส
ขอนแก่น,วัดสิทธิการาม
ขอนแก่น,วัดหนองไฮ
ขอนแก่น,วัดจันทร์
ขอนแก่น,วัดป่าอนันตคุณ
ขอนแก่น,วัดกุเวียน
ขอนแก่น,วัดจันทรบุรี
ขอนแก่น,วัดหนองผือ
ขอนแก่น,วัดป่าอรัญญวิโมกข์
ขอนแก่น,วัดหนองแดง
ขอนแก่น,วัดรามศิริวาส
ขอนแก่น,วัดเทพนิมิต
ขอนแก่น,วัดนาราธิวาส
ขอนแก่น,วัดศรีโพธิ์ทอง
ขอนแก่น,วัดศิริพัฒนาธรรมาวาส
ขอนแก่น,วัดสำราญราษฎร์
ขอนแก่น,วัดชัยศรี
ขอนแก่น,วัดสุทธาวาส
ขอนแก่น,วัดเกษตรสุวรรณ
ขอนแก่น,วัดไตรมิตร
ขอนแก่น,วัดทองประสาน
ขอนแก่น,วัดโนนรัง
ขอนแก่น,วัดพัฒนาราม
ขอนแก่น,วัดมารวิชัย
ขอนแก่น,วัดนิรันดร
ขอนแก่น,วัดไพศาลศิลป์
ขอนแก่น,วัดราษฎร์ดำเนิน
ขอนแก่น,วัดศรีสะอาด
ขอนแก่น,วัดสุทธาราม
ขอนแก่น,วัดแสงอารมณ์
ขอนแก่น,วัดกลางสระขาม
ขอนแก่น,วัดวิจิตราราม
ขอนแก่น,วัดศรีอุดร
ขอนแก่น,วัดสระยาง
ขอนแก่น,วัดอินทประสิทธิ์
ขอนแก่น,วัดชลธาร
ขอนแก่น,วัดทองหลาง
ขอนแก่น,วัดสำราญจิต
ขอนแก่น,วัดสุตาราม
ขอนแก่น,วัดหัวหิน
ขอนแก่น,วัดอัมพวัน
ขอนแก่น,วัดทรงศร
ขอนแก่น,วัดโนนทอง
ขอนแก่น,วัดครองบุรี
ขอนแก่น,วัดคลองสินธุ์
ขอนแก่น,วัดคามวดี
ขอนแก่น,วัดประชาสามัคคี
ขอนแก่น,วัดโพธิ์ชัย
ขอนแก่น,วัดสกุณาวาส
ขอนแก่น,วัดเกาะแก้ว
ขอนแก่น,วัดศรีชมชื่น
ขอนแก่น,วัดอมรินทราวาส
ขอนแก่น,วัดจันทนิมิตร
ขอนแก่น,วัดถิรธรรม
ขอนแก่น,วัดไทยนิยม
ขอนแก่น,วัดประทุมแสง
ขอนแก่น,วัดสระบัวแก้ว
ขอนแก่น,วัดสระบัวทอง
ขอนแก่น,วัดนิเวศวิทยาราม
ขอนแก่น,วัดบำรุงธรรม
ขอนแก่น,วัดศรีประทุม
ขอนแก่น,วัดสระแคน
ขอนแก่น,วัดสว่างอิสาณ
ขอนแก่น,วัดเสลบูรณ์
ขอนแก่น,วัดโพธิ์พฤกษ์
ขอนแก่น,วัดวีรนาวาส
ขอนแก่น,วัดสว่างอารมณ์
ขอนแก่น,วัดสังข์ทอง
ขอนแก่น,วัดสีตาราม
ขอนแก่น,วัดสุทธารมณ์
ขอนแก่น,วัดดงเค็ง
ขอนแก่น,วัดศรีโพธิ์ทอง
ขอนแก่น,วัดเกาะสะอาด
ขอนแก่น,วัดโพธิธรรม
ขอนแก่น,วัดรัตนนิมิตร
ขอนแก่น,วัดทุ่งโป่ง
ขอนแก่น,วัดโพธิ์สง่า
ขอนแก่น,วัดศรีโนนเรือง
ขอนแก่น,วัดโพธิ์ศรี
ขอนแก่น,วัดศรีพอง
ขอนแก่น,วัดสว่างสามสวน
ขอนแก่น,วัดอิสาน
ขอนแก่น,วัดถ้ำพระคำเม็ก
ขอนแก่น,วัดนาคำ
ขอนแก่น,วัดโพธิ์สมพร
ขอนแก่น,วัดศรีบุญเรือง
ขอนแก่น,วัดสว่างศรีชมภู
ขอนแก่น,วัดสว่างอารมณ์
ขอนแก่น,วัดสัมพันธวาราม
ขอนแก่น,วัดเทพนิมิตร
ขอนแก่น,วัดโนนทัน
ขอนแก่น,วัดบารมีชัย
ขอนแก่น,วัดบึงไทร
ขอนแก่น,วัดป่ามัชฌิมวัลย์
ขอนแก่น,วัดโพธิ์ชัย
ขอนแก่น,วัดยางคำ
ขอนแก่น,วัดอุตสาหะ
ขอนแก่น,วัดศรีบุญเรือง
ขอนแก่น,วัดอัมพวัน
ขอนแก่น,วัดพระบาทภูพานคำ
ขอนแก่น,วัดนิคมพรหมรังสี
ขอนแก่น,วัดประชานิคมพัฒนาราม
ขอนแก่น,วัดป่าดอนนาโพธิ์
ขอนแก่น,วัดป่าสระแก้วชัยมงคล
ขอนแก่น,วัดป่าหนองแซง
จันทบุรี,วัดบูรพาพิทยาราม
จันทบุรี,วัดไผ่ล้อม
จันทบุรี,วัดคลองเกวียนลอย
จันทบุรี,วัดคลองพลู
จันทบุรี,วัดคลองใหญ่แจ่มวาที
จันทบุรี,วัดทุ่งกะบิน
จันทบุรี,วัดน้ำขุ่น
จันทบุรี,วัดจันทเขลม
จันทบุรี,วัดเทพประสิทธาราม
จันทบุรี,วัดชากไทย
จันทบุรี,วัดทุ่งสะพาน
จันทบุรี,วัดทุ่งเสาธง
จันทบุรี,วัดบ่อน้ำเงิน
จันทบุรี,วัดวังทอง
จันทบุรี,วัดคลองไพบูลย์
จันทบุรี,วัดตะเคียนทอง
จันทบุรี,วัดท่าอุดม
จันทบุรี,วัดสุวรรณคีรีราม
จันทบุรี,วัดกะทิง
จันทบุรี,วัดเขารูปช้าง
จันทบุรี,วัดคลองเจริญ
จันทบุรี,วัดคลองตะเคียน
จันทบุรี,วัดคลองน้ำเป็น
จันทบุรี,วัดทุ่งตาอิน
จันทบุรี,วัดพลวง
จันทบุรี,วัดโป่งจันทร์
จันทบุรี,วัดโป่งจันทร์
จันทบุรี,วัดเนินมะหาด
จันทบุรี,วัดบุญแย้มวณาราม
จันทบุรี,วัดแก่ง
จันทบุรี,วัดจันทคุณาราม
จันทบุรี,วัดช่องกะพัด
จันทบุรี,วัดเนินจำปา
จันทบุรี,วัดโป่งขนมจีน
จันทบุรี,วัดโป่งวัว
จันทบุรี,วัดเกตุสุวรรณาราม
จันทบุรี,วัดขุนซ่อง
จันทบุรี,วัดเขาป้อม
จันทบุรี,วัดบ้านโคก
จันทบุรี,วัดวังแจง
จันทบุรี,วัดวังพง
จันทบุรี,วัดหางแมว
จันทบุรี,วัดหินดาด
จันทบุรี,วัดป่าคีรีเขต
จันทบุรี,วัดป่าคีรีเขต
จันทบุรี,วัดหนองสร้อย
จันทบุรี,วัดบ่อชะอม
จันทบุรี,วัดวังอีแอ่น
จันทบุรี,วัดวังอีแอ่น
จันทบุรี,วัดกลุ่มสระบุรี
จันทบุรี,วัดซอยสอง
จันทบุรี,วัดประแกต
จันทบุรี,วัดพวาบน
จันทบุรี,วัดวังไม้แดง
จันทบุรี,วัดหนองมะค่า
จันทบุรี,วัดป่าคีรีเขต
จันทบุรี,วัดป่าคีรีเขต
จันทบุรี,วัดป่าคีรีเขต
จันทบุรี,วัดเกวียนหัก
จันทบุรี,วัดคานรูด
จันทบุรี,วัดวันยาวบน
จันทบุรี,วัดแจ้งโภชนาราม
จันทบุรี,วัดช้างข้าม
จันทบุรี,วัดอิมั้ง
จันทบุรี,วัดอรัญญโพธิธาราม
จันทบุรี,วัดตรอกนองบน
จันทบุรี,วัดตรอกนองล่าง
จันทบุรี,วัดเขาตาลิ่ง
จันทบุรี,วัดตะปอนน้อย
จันทบุรี,วัดตะปอนใหญ่
จันทบุรี,วัดสุวรรณรังษี
จันทบุรี,วัดคงคาราม
จันทบุรี,วัดดอนอุดม
จันทบุรี,วัดท่าสอน
จันทบุรี,วัดวังสรรพรส
จันทบุรี,วัดหนองระหาน
จันทบุรี,วัดหิรัญญาราม
จันทบุรี,วัดเขาทอง
จันทบุรี,วัดตกพรม
จันทบุรี,วัดบ่อเวฬุวนาราม
จันทบุรี,วัดเกาะจิก
จันทบุรี,วัดเทพขาหย่าง
จันทบุรี,วัดบางชัน
จันทบุรี,วัดมาบไผ่โภชนาราม
จันทบุรี,วัดเวฬุวรรณาราม
จันทบุรี,วัดหนองปลาไหล
จันทบุรี,วัดซึ้งล่าง
จันทบุรี,วัดอรัญญาราม
จันทบุรี,วัดอีแงว
จันทบุรี,วัดมณีคีรีวงกศ์
จันทบุรี,วัดกลางเก่า
จันทบุรี,วัดเจดีย์ทราย
จันทบุรี,วัดเวฬุวรรณาราม
จันทบุรี,วัดดำรงธรรมาราม
จันทบุรี,วัดแก่งน้อย
จันทบุรี,วัดเขาตะพง
จันทบุรี,วัดเขาหนองปลาไหล
จันทบุรี,วัดท่าปก
จันทบุรี,วัดแพร่งหน้าผาล่าง
จันทบุรี,วัดวังปลา
จันทบุรี,วัดเขาบายศรี
จันทบุรี,วัดนิโครธวราราม
จันทบุรี,วัดโขมง
จันทบุรี,วัดเสม็ดโพธิ์ศรี
จันทบุรี,วัดคลองขุด
จันทบุรี,วัดหมูดุด
จันทบุรี,วัดเจ้าหลาว
จันทบุรี,วัดคลองตาสังข์
จันทบุรี,วัดชมภูธาราม
จันทบุรี,วัดตะกาดเง้า
จันทบุรี,วัดปากน้ำแขมหนู
จันทบุรี,วัดหนองคัน
จันทบุรี,วัดกลางทุ่งท่าระแนะ
จันทบุรี,วัดบุญญวาสวิหาร
จันทบุรี,วัดหนองบัว
จันทบุรี,วัดทุ่งเบญจา
จันทบุรี,วัดเนินกลาง
จันทบุรี,วัดศรีเมือง
จันทบุรี,วัดสะพานเลือก
จันทบุรี,วัดสามหนาด
จันทบุรี,วัดกลาง
จันทบุรี,วัดบน
จันทบุรี,วัดบ่อพุ
จันทบุรี,วัดลาด
จันทบุรี,วัดเขาพลอยแหวน
จันทบุรี,วัดสระแก้ว
จันทบุรี,วัดไผ่ล้อม
จันทบุรี,วัดท่าศาลา
จันทบุรี,วัดไร่เก่า
จันทบุรี,วัดลำพัน
จันทบุรี,วัดบ้านสิ้วราษฎร์บำรุง
จันทบุรี,วัดแพร่งขาหยั่ง
จันทบุรี,วัดสามผาน
จันทบุรี,วัดหนองหงส์
จันทบุรี,วัดพุทธคยาราม
จันทบุรี,วัดเขาสุกิม
จันทบุรี,วัดเขาตานก
จันทบุรี,วัดเขาตานก
จันทบุรี,วัดธรรมหรรษาราม
จันทบุรี,วัดธรรมหรรษาราม
จันทบุรี,วัดคลองขุด
จันทบุรี,วัดเนินดินแดง
จันทบุรี,วัดเนินดินแดง
จันทบุรี,วัดเนินดินแดง
จันทบุรี,วัดเขาถ้ำโบสถ์
จันทบุรี,วัดพิชัยพัฒนาราม
จันทบุรี,วัดโขดหอย
จันทบุรี,วัดนางซา
จันทบุรี,วัดยางระหง
จันทบุรี,วัดหนองแหวน
จันทบุรี,วัดช้างข้าม
จันทบุรี,วัดตรอกกระท้อน
จันทบุรี,วัดหนองไทร
จันทบุรี,วัดคลองซาก
จันทบุรี,วัดคีรีพิศาล
จันทบุรี,วัดต้นกระบก
จันทบุรี,วัดนายายอาม
จันทบุรี,วัดเนินเนรมิต
จันทบุรี,วัดป่าธรรมสุข
จันทบุรี,วัดโพธิ์นาคราษฎร์บำรุง
จันทบุรี,วัดโพธิ์ลังกา
จันทบุรี,วัดปากทาง
จันทบุรี,วัดวังเวียน
จันทบุรี,วัดวังหิน
จันทบุรี,วัดคลองลาว
จันทบุรี,วัดดงทับมอญ
จันทบุรี,วัดสนธิ์ทองวังใหม่
จันทบุรี,วัดหนองสีงา
จันทบุรี,วัดคลองบอน
จันทบุรี,วัดท่าแคลง
จันทบุรี,วัดสนามไชย
จันทบุรี,วัดห้วงน้ำเค็มวนาราม
จันทบุรี,วัดทรัพย์จันทร์
จันทบุรี,วัดป่าคีรีเขต
จันทบุรี,วัดหินกอง
จันทบุรี,วัดผักกาด
จันทบุรี,วัดมหาคงคาราม
จันทบุรี,วัดหนองบอน
จันทบุรี,วัดชะแมบ
จันทบุรี,วัดดงจิก
จันทบุรี,วัดทับไทร
จันทบุรี,วัดทุ่งกร่าง
จันทบุรี,วัดน้ำเขียว
จันทบุรี,วัดพังงอน
จันทบุรี,วัดบึงชนัง
จันทบุรี,วัดป่าเทพนิมิต
จันทบุรี,วัดคลองขนุน
จันทบุรี,วัดคลองขนุน
จันทบุรี,วัดคลองตาคง
จันทบุรี,วัดเครือหวาย
จันทบุรี,วัดสามสิบ
จันทบุรี,วัดคลองคต
จันทบุรี,วัดนนท์ประชานุกูล
จันทบุรี,วัดบ้านจางวาง
จันทบุรี,วัดโพธาราม
จันทบุรี,วัดถาวรวนาราม
จันทบุรี,วัดผักกาด
จันทบุรี,วัดถาวรวนาราม
จันทบุรี,วัดผักกาด
จันทบุรี,วัดผักกาด
จันทบุรี,วัดผักกาด
จันทบุรี,วัดผักกาด
จันทบุรี,วัดผักกาด
จันทบุรี,วัดคลองปรือ
จันทบุรี,วัดฉมัน
จันทบุรี,วัดทุ่งเพล
จันทบุรี,วัดสระโอ่ง
จันทบุรี,วัดท่าหลวงบน
จันทบุรี,วัดทุ่งโตนด
จันทบุรี,วัดน้ำรัก
จันทบุรี,วัดคลองเวฬุ
จันทบุรี,วัดจันทร์แสงศรี
จันทบุรี,วัดทับนคร
จันทบุรี,วัดทุ่งบอน
จันทบุรี,วัดโป่ง
จันทบุรี,วัดมะทาย
จันทบุรี,วัดท่าหลวงล่าง
จันทบุรี,วัดบางจะอ้าย
จันทบุรี,วัดพญาล่าง
จันทบุรี,วัดมะขาม
จันทบุรี,วัดหนองอ้อ
จันทบุรี,วัดขนุน
จันทบุรี,วัดโคกตะพง
จันทบุรี,วัดแตงเม
จันทบุรี,วัดปึก
จันทบุรี,วัดพญาบน
จันทบุรี,วัดวังแซ้ม
จันทบุรี,วัดบ้านอ่าง
จันทบุรี,วัดพรหมคุณวนาราม
จันทบุรี,วัดเขาชำปรง
จันทบุรี,วัดเขาชำปรง
จันทบุรี,วัดเขาชำปรง
จันทบุรี,วัดเขาชำปรง
จันทบุรี,วัดเขาชำปรง
จันทบุรี,วัดคลองมะลิ
จันทบุรี,วัดวังดาบ
จันทบุรี,วัดวังดาบ
จันทบุรี,วัดเกาะขวาง
จันทบุรี,วัดเกาะตะเคียน
จันทบุรี,วัดเกาะโตนด
จันทบุรี,วัดเกาะลอย
จันทบุรี,วัดอ่างหิน
จันทบุรี,วัดเขาน้อย
จันทบุรี,วัดคมบาง
จันทบุรี,วัดเนินยาง
จันทบุรี,วัดปลายคลอง
จันทบุรี,วัดทองทั่ว
จันทบุรี,วัดเนินสูง
จันทบุรี,วัดสระบาป
จันทบุรี,วัดห้องคูหา
จันทบุรี,วัดตะบกเตี้ย
จันทบุรี,วัดโบสถ์เมือง
จันทบุรี,วัดใหม่
จันทบุรี,วัดคลองทราย
จันทบุรี,วัดโค้งสนามเป้า
จันทบุรี,วัดศิริการ
จันทบุรี,วัดสุทธิวารี
จันทบุรี,วัดโบสถ์พลอยแหวน
จันทบุรี,วัดพลับ
จันทบุรี,วัดโยธานิมิต
จันทบุรี,วัดสิงห์
จันทบุรี,วัดใหม่ท่าแฉลบ
จันทบุรี,วัดดอนตาล
จันทบุรี,วัดดาวเรือง
จันทบุรี,วัดโป่งแรด
จันทบุรี,วัดพลับพลา
จันทบุรี,วัดกลาง
จันทบุรี,วัดสวนมะม่วง
จันทบุรี,วัดโพธิ์ทอง
จันทบุรี,วัดสมเด็จศิริปุญญาราม
จันทบุรี,วัดแสลง
จันทบุรี,วัดโสมนาราม
จันทบุรี,วัดเนินโพธิ์
จันทบุรี,วัดเสม็ดงาม
จันทบุรี,วัดหนองบัว
จันทบุรี,วัดจันทนาราม
จันทบุรี,วัดป่าคลองกุ้ง
จันทบุรี,วัดแก้วประชาราม
จันทบุรี,วัดเขาแก้ว
จันทบุรี,วัดบ้านขอม
จันทบุรี,วัดวิเวการาม
จันทบุรี,วัดเขากระแจะ
จันทบุรี,วัดป่าคีรีเขต
จันทบุรี,วัดทรายงาม
จันทบุรี,วัดเขตร์นาบุญญาราม
จันทบุรี,วัดตามูล
จันทบุรี,วัดทรายขาว
จันทบุรี,วัดเทพประทาน
จันทบุรี,วัดน้ำซับตาพุด
จันทบุรี,วัดเนินทอง
จันทบุรี,วัดปะตงวนาราม
จันทบุรี,วัดวังยาว
จันทบุรี,วัดสำโรง
จันทบุรี,วัดเขาแดง
จันทบุรี,วัดคลองทรัพย์
จันทบุรี,วัดทับช้าง
จันทบุรี,วัดโป่งเจริญชัย
จันทบุรี,วัดใหม่ชัยมงคล
จันทบุรี,วัดทุ่งขนาน
จันทบุรี,วัดป่าธรรมวิเวก
จันทบุรี,วัดไผ่ล้อม
จันทบุรี,วัดโพธิ์ศรี
จันทบุรี,วัดกระทิงทอง
จันทบุรี,วัดเขาแก้ว
จันทบุรี,วัดซอยพัฒนาร่วมใจ
จันทบุรี,วัดท่าใหม่กระจ่างธรรม
จันทบุรี,วัดบ้านตาเรือง
จันทบุรี,วัดสว่างอารมณ์
จันทบุรี,วัดสวนส้ม
จันทบุรี,วัดสะตอน
จันทบุรี,วัดมหาเจรีย์
จันทบุรี,วัดมหาเจรีย์
จันทบุรี,วัดมหาเจรีย์
จันทบุรี,วัดป่าเขาแหลม
จันทบุรี,วัดสะพานหก
จันทบุรี,วัดพิกุลรังสรรค์
จันทบุรี,วัดคลองแจง
จันทบุรี,วัดเกาะเปริด
จันทบุรี,วัดเขาตาหน่วย
จันทบุรี,วัดกลาง
จันทบุรี,วัดคลองน้ำเค็ม
จันทบุรี,วัดเขาแหลมสิงห์
จันทบุรี,วัดถนนมะม่วง
จันทบุรี,วัดบางกะไชย
จันทบุรี,วัดบางสระเก้า
จันทบุรี,วัดเกาะแมว
จันทบุรี,วัดเขาช้ำห้าน
จันทบุรี,วัดท่าหัวแหวน
จันทบุรี,วัดปากน้ำแหลมสิงห์
จันทบุรี,วัดคลองยายดำ
จันทบุรี,วัดโคกรัก
จันทบุรี,วัดใหญ่พลิ้ว
จันทบุรี,วัดเขาช่องโกรน
จันทบุรี,วัดหนองซิ่ม
จันทบุรี,วัดอ่าวหมู
จันทบุรี,วัดชากใหญ่
จันทบุรี,วัดสถาพรพัฒนาราม
จันทบุรี,วัดมังกรบุปผาราม
